job_posting_url,vacancies,job_posting_number,salary,start_publication_date,end_publication_date,required_experience,educational_background,specialization,required_knowledge,skills,job_title,public_institution,unique_id,ubication,scraping_date,ubication_region,ubication_dist
https://HTTPS://APP.QALIWARMA.GOB.PE/WEBSITE/,1,D.Leg 1057 - Determinado (Necesidad Transitoria)-221,4000.0,11/11/2024,22/11/2024,"EXPERIENCIA GENERAL: EXPERIENCIA LABORAL MÍNIMA DE TRES (03) AÑOS EN ENTIDADES DEL SECTOR PÚBLICO Y/O PRIVADO. EXPERIENCIA ESPECÍFICA: EXPERIENCIA LABORAL MÍNIMA DE DOS (02) AÑOS EN ENTIDADES DEL SECTOR PÚBLICO, DESEMPEÑANDO FUNCIONES O LABORES SIMILARES Y/O PUESTOS EQUIVALENTES.","TÍTULO UNIVERSITARIO EN ADMINISTRACIÓN, CONTABILIDAD, ECONOMÍA O INGENIERÍA INDUSTRIAL; CON COLEGIATURA Y HABILITACIÓN VIGENTE.",CURSO EN SISTEMAS DE GESTIÓN ADMINISTRATIVA. CURSO DE CONTRATACIONES CON EL ESTADO. CURSO EN SIGA. CURSO EN SIAF.,CONOCIMIENTO DE NORMATIVIDAD DEL SECTOR PÚBLICO. SISTEMAS ADMINISTRATIVOS DEL SECTOR PÚBLICO.,"COMPETENCIAS GENÉRICAS: TRABAJO EN EQUIPO, ORIENTACIÓN AL CLIENTE, ORIENTACIÓN A RESULTADOS. COMPETENCIAS ESPECÍFICAS: LIDERAZGO, PENSAMIENTO ANALÍTICO, COMPROMISO, COMUNICACIÓN.",ADMINISTRADOR,Programa Nacional De Alimentación Escolar Qali Warma,470b5aae-dbf1-427e-ae6b-5991d24c2040,AMAZONAS - CHACHAPOYAS,11-11-2024,AMAZONAS,CHACHAPOYAS
https://casrrhh.aurora.gob.pe/convocatorias/,1,D.Leg 1057 - Determinado (Necesidad Transitoria)-569,4000.0,11/11/2024,22/11/2024,"""• EXPERIENCIA GENERAL
SEIS (06) MESES DE EXPERIENCIA GENERAL EN EL SECTOR PÚBLICO Y/O PRIVADO.
• EXPERIENCIA ESPECÍFICA
SEIS (06) MESES DE EXPERIENCIA ACREDITADA HABIENDO DESARROLLADO FUNCIONES AFINES A SU FORMACIÓN PROFESIONAL EN EL SECTOR PÚBLICO O PRIVADO""","• TÍTULO PROFESIONAL UNIVERSITARIO EN TRABAJO SOCIAL, CON COLEGIATURA Y HABILITACIÓN VIGENTE.",•CAPACITACIÓN ACREDITADA EN TEMAS RELACIONADOS A SU FORMACIÓN PROFESIONAL Y/O AFÍN A LA TEMÁTICA DE VIOLENCIA CONTRA LAS MUJERES E INTEGRANTES DEL GRUPO FAMILIAR,"""• CONOCIMIENTO SOBRE VALORACIÓN Y GESTIÓN DE RIESGO, ENFOQUES Y PRINCIPIOS DE LA ATENCIÓN DE CASOS DE VIOLENCIA CONTRA LAS MUJERES, INTEGRANTES DEL GRUPO FAMILIAR Y VIOLENCIA SEXUAL, GESTION SOCIAL Y TÉCNICAS DE ENTREVISTA • CONOCIMIENTOS DE OFIMÁTICA: - PROCESADOR DE TEXTOS, NIVEL BÁSICO. - HOJAS DE CÁLCULO, NIVEL BÁSICO. - PROGRAMA DE PRESENTACIONES, NIVEL BÁSICO. • CONOCIMIENTO DE IDIOMAS / DIALECTOS: - QUECHUA, NIVEL BÁSICO. - LENGUAS Y/O DIALECTOS, SEGÚN ZONA DE INTERVENCION, NIVEL BÁSICO. - LENGUAJE DE SEÑAS, NIVEL BÁSICO. -DE PREFERENCIA PARA LAS ZONAS QUECHUA HABLANTES. -DE PREFERENCIA LENGUA Y/O DIALECTO DE LA ZONA, SEGÚN ÁMBITO DE INTERVENCIÓN. -DE PREFERENCIA MANEJO DE LENGUAJE DE SEÑAS.""","• EMPATÍA, COMUNICACIÓN EFECTIVA, VOCACIÓN DE SERVICIO, TRABAJO EN EQUIPO, PROACTIVIDAD, COMPORTAMIENTO ÉTICO Y ORIENTACIÓN AL SERVICIO.",UN/A (01) TRABAJADOR/A SOCIAL PARA CEM_COMISARIA RURAL SECTORIAL LAMUD - AMAZONAS,Progr Nac Para La Prevenc Y Erradic De La Violencia Contra Las Mujeres E Integ Del Grup Fam-Aurora,78fa8a29-a62b-4ae7-836e-c16f4535ca33,AMAZONAS - LAMUD,11-11-2024,AMAZONAS,LAMUD
https://HTTPS://APP.QALIWARMA.GOB.PE/WEBSITE/,3,D.Leg 1057 - Determinado (Necesidad Transitoria)-220,2500.0,11/11/2024,22/11/2024,"EXPERIENCIA GENERAL: EXPERIENCIA LABORAL MÍNIMA DE DOS (02) AÑOS EN EL SECTOR PÚBLICO Y/O PRIVADO. EXPERIENCIA ESPECÍFICA: EXPERIENCIA LABORAL MÍNIMA DE UN (01) AÑO EN PROGRAMAS Y/O PROYECTOS SOCIALES DE ALIMENTACIÓN O EDUCACIÓN O SALUD, Y/O EN SUPERVISIÓN DE PLANTAS DE PROCESAMIENTO DE ALIMENTOS Y/O EN ACTIVIDADES DE CONTROL DE CALIDAD O PRODUCCIÓN DE ALIMENTOS, EN EL SECTOR PÚBLICO Y/O PRIVADO.","GRADO ACADÉMICO DE BACHILLER O TITULO TÉCNICO EN: EDUCACIÓN, NUTRICIÓN, ENFERMERÍA, MEDICINA HUMANA, TRABAJO SOCIAL, SOCIOLOGÍA, ANTROPOLOGÍA, BIOLOGÍA, GASTRONOMÍA, INGENIERÍA ALIMENTARIA, INGENIERÍA EN INDUSTRIAS ALIMENTARIAS, INGENIERÍA DE ALIMENTOS, INGENIERÍA PESQUERA, INGENIERÍA INDUSTRIAL, INGENIERÍA AGROINDUSTRIAL, INGENIERÍA QUÍMICA, INGENIERÍA AMBIENTAL, INGENIERÍA AGRÓNOMA, INGENIERÍA ZOOTECNISTA O AFINES.",CURSO O TALLER EN BUENAS PRÁCTICAS DE MANIPULACIÓN DE ALIMENTOS (BPM) Y/O BUENAS PRÁCTICAS DE HIGIENE Y/O O AFINES (MÍNIMO DE 8 HORAS).,"CONOCIMIENTO EN LEGISLACIÓN ALIMENTARIA O NORMATIVA SANITARIA. CONOCIMIENTO DE OFIMÁTICA A NIVEL BÁSICO. CONOCIMIENTO EN PROMOCIÓN SOCIAL. DE PREFERENCIA RESIDIR EN LA PROVINCIA A LA CUAL POSTULA. DE PREFERENCIA DOMINIO DE ALGÚN IDIOMA O DIALECTO DE LA ZONA DE INTERVENCIÓN (QUECHUA, AYMARA, O DE LA ZONA RESPECTIVA).","COMPETENCIAS GENÉRICAS: VOCACIÓN DE SERVICIO, SENTIDO DE URGENCIA, INTEGRIDAD Y COMPORTAMIENTO ÉTICO. COMPETENCIAS ESPECÍFICAS: ORIENTACIÓN A LA CALIDAD, PENSAMIENTO ANALÍTICO, COMUNICACIÓN EFECTIVA, TRABAJO EN EQUIPO.",MONITOR DE GESTIÓN LOCAL,Programa Nacional De Alimentación Escolar Qali Warma,a412d2a3-2845-43a4-a2c8-1c0b1302dd56,AMAZONAS - NIEVA,11-11-2024,AMAZONAS,NIEVA
https://www.inabif.gob.pe/portalweb/convocatoria_v3.php,1,D.Leg 1057 - Determinado (Necesidad Transitoria)-268,5000.0,08/11/2024,21/11/2024,"EXPERIENCIA LABORAL GENERAL: TRES (03) AÑOS EN EL SECTOR PÚBLICO Y/O PRIVADO. 
EXPERIENCIA LABORAL ESPECÍFICA: DOS (02) AÑOS DESEMPEÑANDO ACTIVIDADES AFINES A LAS FUNCIONES DEL PUESTO, EN LA GESTIÓN DE PROGRAMAS Y/O PROYECTOS SOCIALES Y/O SIMILARES EN EL SECTOR PÚBLICO Y/O PRIVADO.","TÍTULO PROFESIONAL UNIVERSITARIO EN LAS CARRERAS DE DERECHO, SOCIOLOGIA, TRABAJADO SOCIAL, PISCOLOGÍA, EDUCACIÓN, CIENCIAS DE LA SALUD.","CURSOS Y/O PROGRAMAS DE ESPECIALIZACIÓN DE GESTIÓN PÚBLICA Y/O PROGRAMAS SOCIALES Y/O MATERIAS AFINES A LAS FUNCIONES DEL PUESTO Y/O EN TEMAS RELACIONADOS A LA INFANCIA, ADOLESCENCIA O DESARROLLO SOCIAL. (MÍNIMO 90 HORAS ACUMULADAS).","CONOCIMIENTOS TÉCNICOS DE GESTIÓN PÚBLICA, POLÍTICAS SOCIALES, PROGRAMAS Y/O PROYECTOS SOCIALES Y TEMAS RELACIONADOS A LA ATENCIÓN O INTERVENCIÓN DE POBLACIONES VULNERABLES Y/O SIMILARES. 'CONOCIMIENTO DE PROCESADOR DE TEXTO Y PROGRAMAS DE PRESENTACIONES NIVEL BÁSICO, CONOCIMIENTO EN HOJAS DE CÁLCULO NIVEL BÁSICO.","VOCACIÓN DE SERVICIO, COMUNICACIÓN ASERTIVA, EMPATÍA, PROACTIVIDAD E INICIATIVA, TRABAJO EN EQUIPO Y REDACCIÓN.",ANALISTA DE ACOMPAÑAMIENTO PROFESIONAL,Programa Integral Nacional Para El Bienestar Familiar - Inabif,2c82a4b8-0f4d-4782-a441-6e4548941086,AMAZONAS - CHACHAPOYAS,11-11-2024,AMAZONAS,CHACHAPOYAS
https://www.inabif.gob.pe/portalweb/convocatoria_v3.php,1,D.Leg 1057 - Determinado (Necesidad Transitoria)-268,3000.0,08/11/2024,21/11/2024,"EXPERIENCIA LABORAL GENERAL: DOS (02) AÑOS EN EL SECTOR PÚBLICO Y/O PRIVADO.
EXPERIENCIA LABORAL ESPECÍFICA: UN (01) AÑO EN LA FUNCIÓN Y/O MATERIA EN EL SECTOR PÚBLICO Y/O PRIVADO.
                                                                  UN /01) AÑO DESDE AUXILIAR EN EL SECTOR PÚBLICO Y/O PRIVADO.",TÍTULO PROFESIONAL UNIVERSITARIO EN LA CARRERA DE EDUCACIÓN,CURSO Y/O PROGRAMA DE ESPECIALIZACIÓN RELACIONADOS A INTERVENCIÓN FAMILIAR Y/O PROMOCIÓN FAMILIAR Y/O DERECHOS HUMANOS O AFIN. (MÍNIMO 20 HORAS ACUMULADAS).,"CONOCIMIENTOS TÉCNICOS DE PSICOLOGÍA SOCIAL, PSICOLOGÍA FAMILIAR, PSICOLOGÍA SISTÉMICA, Y/O AFINES.","COMUNICACIÓN ASERTIVA, CONTROL, PROACTIVIDAD E INICIATIVA, EMPATÍA, TRABAJO EN EQUIPO Y REDACCIÓN.",EDUCADOR/A,Programa Integral Nacional Para El Bienestar Familiar - Inabif,e6d3fadc-fb2b-4edb-b3f6-b1bfde58110c,AMAZONAS - BAGUA,11-11-2024,AMAZONAS,BAGUA
https://servicio.sunass.gob.pe/siscon/,1,D.Leg 1057 - Determinado (Suplencia)-270,8000.0,07/11/2024,20/11/2024,"""EXPERIENCIA GENERAL NO MENOR A 5 AÑOS EN EL SECTOR PÚBLICO Y/O PRIVADO.
EXPERIENCIA ESPECÍFICA NO MENOR A 3 AÑOS COMO ESPECIALISTA EN PROGRAMAS O PROYECTOS O ACTIVIDADES RELACIONADAS CON LA GESTIÓN DE LOS RECURSOS NATURALES Y/O SANEAMIENTO, DE LOS CUALES 2 AÑOS DEBERÁN SER EN EL SECTOR PÚBLICO.""",TÍTULO PROFESIONAL O GRADO DE BACHILLER EN INGENIERÍA AMBIENTAL O INGENIERÍA FORESTAL O BIOLOGÍA O ECONOMÍA AMBIENTAL O INGENIERÍA AGRÍCOLA O INGENIERÍA GEOGRÁFICA O QUÍMICA.,DIPLOMADO O PROGRAMA DE ESPECIALIZACIÓN EN TEMAS RELACIONADOS A GESTIÓN INTEGRAL DE RECURSOS HÍDRICOS Y/O GESTIÓN AMBIENTAL Y/O INGENIERÍA AMBIENTAL.					GOZAR DE BUENA SALUD PARA REALIZAR RECORRIDOS DE CAMPO EN LA REGIÓN AMAZONAS (PRESENTAR DECLARACIÓN JURADA).,"""CONOCIMIENTO DE LA LEY MARCO DE LA GESTIÓN Y PRESTACIÓN DE LOS SERVICIOS DE SANEAMIENTO, MECANISMOS DE RETRIBUCIÓN DE SERVICIOS ECOSISTÉMICOS; ENFOQUE DE ADAPTACIÓN AL CAMBIO CLIMÁTICO BASADA EN ECOSISTEMAS. CONOCIMIENTO DE OFIMÁTICA A NIVEL BÁSICO. CONOCIMIENTO DE PROGRAMA ARCGIS A NIVEL BÁSICO.""","""SOLUCIÓN EFECTIVA DE PROBLEMAS  ORIENTACIÓN A RESULTADOS  VOCACIÓN DE SERVICIO   TRABAJO EN EQUIPO ""","""GESTOR AMBIENTAL DE OFICINA DESCONCENTRADA DE SERVICIOS (ODS) EN AMAZONAS""",Superintendencia Nac.Serv.De Saneamiento,8f5ef1ca-3ca5-49f0-9619-cfb9d255e462,AMAZONAS - CHACHAPOYAS,11-11-2024,AMAZONAS,CHACHAPOYAS
https://aplicativo.pj.gob.pe/psep/wfrmConvocatoriasP.aspx?TCon=C,1,728-006,4710.0,06/11/2024,19/11/2024,"- EXPERIENCIA GENERAL:
NO APLICA
¿ EXPERIENCIA ESPECIFICA REQUERIDA EN EL PUESTO O CARGO
EXPERIENCIA DE UN (01) AÑO EN LABORES SIMILARES, DE PREFERENCIA.",ESTUDIOS UNIVERSITARIOS EN DERECHO (8VO CICLO).,-,CONOCIMIENTO Y MANEJO DE OFIMÁTICA. ¿ CONOCIMIENTO EN TRÁMITES JUDICIALES,¿  ANÁLISIS ¿ ADAPTABILIDAD ¿ AUTOCONTROL ¿ COOPERACIÓN ¿ ORGANIZACIÓN DE LA INFORMACIÓN,ASISTENTE JURISDICCIONAL DE JUZGADO,Poder Judicial,db7999d1-78fa-4eb0-b4e6-275df8ab260a,AMAZONAS - BAGUA GRANDE,11-11-2024,AMAZONAS,BAGUA GRANDE
https://http://postulacioncas.minedu.gob.pe/PostulacionCas/Home,1,D.Leg 1057 - Determinado (Suplencia)-856,4500.0,04/11/2024,15/11/2024,"EXPERIENCIA GENERAL: 4.00 AÑO(S), EXPERIENCIA ESPECIFICA:  3.00 AÑOS ES DOCENCIA EN LA ESPECIALIDAD DE LENGUA Y LITERATURA Y/O LITERATURA Y/O COMUNICACIÓN Y/O LINGÜÍSTICA Y/O LENGUAJE Y/O REDACCIÓN EN EDUCACIÓN SECUNDARIA O SUPERIOR. (AÑOS ACADÉMICOS), DE LOS CUALES 0.00 AÑO(S) EN EL SECTOR PÚBLICO.",TITULADO DE CARRERA TÉCNICA EN  EDUCACIÓN SECUNDARIA EN LA ESPECIALIDAD DE LENGUA Y LITERATURA Y/O COMUNICACIÓN Y/O BACHILLER EN LINGÜÍSTICA Y/O LITERATURA,CURSO DE ESTRATEGIAS PEDAGÓGICAS Y/O DIDÁCTICA Y/O EVALUACIÓN Y/O METODOLOGÍA DE LA ENSEÑANZA Y/O RUTAS DE APRENDIZAJE Y/O CURRÍCULO NACIONAL,"CONOCIMIENTO DE LA ACTITUD HACIA LA INTERCULTURALIDAD Y CONOCIMIENTO DEL PROGRAMA DEL DIPLOMA DEL BACHILLERATO INTERNACIONAL; CONOCIMIENTO DE LA ESPECIALIDAD Y CONOCIMIENTO SOBRE PLANIFICACIÓN, EJECUCIÓN Y EVALUACIÓN CURRICULAR; CONOCIMIENTO DEL ENFOQUE POR COMPETENCIAS Y CONOCIMIENTO DE TIC APLICADOS A SU ASIGNATURA; CONOCIMIENTO EN MANEJO DE PLATAFORMAS VIRTUALES",ADAPTABILIDAD; PROACTIVIDAD; TRABAJO EN EQUIPO,CONTRATACIÓN ADMINISTRATIVA DE SERVICIOS DE UN(A) DOCENTE PARA LA ENSEÑANZA DE LA ASIGNATURA DE COMUNICACIÓN Y LITERATURA PARA EL COLEGIO DE ALTO RENDIMIENTO DE LA REGIÓN AMAZONAS - SUPLENCIA TEMPORAL (002980),Ministerio De Educacion,08b4b293-0a90-4dd9-a7d4-00a4538d949f,AMAZONAS - LAMUD,11-11-2024,AMAZONAS,LAMUD
https://www.sis.gob.pe/Portal/paginas/cas2024.html,1,D.Leg 1057 - Determinado (Necesidad Transitoria)-108,8500.0,04/11/2024,15/11/2024,"EXPERIENCIA GENERAL:
NO MENOR DE SEIS (06) AÑOS EN EL SECTOR PÚBLICO Y/O PRIVADO, INCLUIDO SERUMS
EXPERIENCIA ESPECÍFICA:
NO MENOR DE CUATRO (04) AÑOS EN EL SERVICIO DE LA PROFESIÓN EN EL SECTOR PÚBLICO Y/O PRIVADO, INCLUIDO SERUMS",TÍTULO PROFESIONAL DE MÉDICO CIRUJANO. • COLEGIADO CON HABILITACIÓN VIGENTE. • RESOLUCIÓN DE SERUMS. • REGISTRO DE AUDITOR MÉDICO.,MÍNIMO DOS (02) ESPECIALIZACIONES Y/O DIPLOMADOS EN CUALQUIERA DE LOS SIGUIENTES TEMAS: • AUDITORÍA MÉDICA Y/O GESTIÓN DE LA CALIDAD Y/U OTRO AFÍN AL PUESTO Y/O PROFESIÓN,CONOCIMIENTO EN: • NORMATIVA DE SEGURO DE SALUD. • CONOCIMIENTO DE WORD Y EXCEL.,"COMPROMISO, TRABAJO EN EQUIPO, VOCACIÓN DE SERVICIO",PROFESIONAL MÉDICO DE EVALUACIÓN DE LAS PRESTACIONES,Seguro Integral De Salud,92a9007f-dd0d-442e-a372-d8c7c26bc893,AMAZONAS - BAGUA,11-11-2024,AMAZONAS,BAGUA
https://http://postulacioncas.minedu.gob.pe/PostulacionCas/Home,1,D.Leg 1057 - Determinado (Necesidad Transitoria)-865,2500.0,04/11/2024,15/11/2024,"EXPERIENCIA GENERAL: 2.00 AÑO(S), EXPERIENCIA ESPECIFICA:  1.00 AÑOS ES TRABAJO CON NIÑOS Y ADOLESCENTES EN EL MARCO DE LA CONVIVENCIA ESCOLAR Y/O PREVENCIÓN DE VIOLENCIA Y/O PROTECCIÓN DE LA INFANCIA Y/O PROGRAMAS O PROYECTOS SOCIALES Y/O EDUCATIVOS  Y/O PROGRAMAS DE SALUD Y/O AUXILIAR DE EDUCACIÓN, DE LOS CUALES 0.00 AÑO(S) EN EL SECTOR PÚBLICO.",TITULADO DE CARRERA TÉCNICA EN  EDUCACIÓN Y/O ENFERMERÍA Y/O BACHILLER EN PSICOLOGÍA Y/O TRABAJO SOCIAL Y/O OBSTETRICIA,CURSO Y/O DIPLOMADO DE CONV Y/O AUX DE EDUC Y/O PRIM AUX Y/O PROTEC DE INFANCIA Y/O VIOL FAMILIAR Y/O PREV DE VIOLENCIA Y/O INTERCULTUR. Y/O TUTORIA,CONOCIMIENTOS EN PROTECCIÓN INFANTIL Y ENFOQUE DE DERECHOS Y DISCIPLINA POSITIVA Y PRIMEROS AUXILIOS; CONOCIMIENTO EN MANEJO DE PLATAFORMAS VIRTUALES,ADAPTABILIDAD; PROACTIVIDAD; TRABAJO BAJO PRESIÓN; TRABAJO EN EQUIPO,CONTRATACIÓN ADMINISTRATIVA DE SERVICIOS DE UN(A) AUXILIAR MONITOR DE RESIDENCIA PARA EL COLEGIO DE ALTO RENDIMIENTO DE LA REGIÓN AMAZONAS - PLAZO DETERMINADO (007069),Ministerio De Educacion,0c58a5b9-ac1e-401c-b5c3-0438ab63b476,AMAZONAS - LAMUD,11-11-2024,AMAZONAS,LAMUD
https://,1,D.Leg 1057 - Determinado (Necesidad Transitoria)-109,8000.0,31/10/2024,14/11/2024,"MÍNIMA DE SEIS (6) AÑOS DE EXPERIENCIA LABORAL GENERAL EN EL SECTOR PÚBLICO O PRIVADO.
MÍNIMA DE TRES (3) AÑOS DE EXPERIENCIA LABORAL ESPECÍFICA PARA EL PUESTO EN EL SECTOR PÚBLICO O PRIVADO EN LA FUNCIÓN O LA MATERIA.
MÍNIMA DE DOS (2) AÑOS DE EXPERIENCIA EN SERVICIOS VINCULADOS A LA GESTIÓN DEL RIESGO DE DESASTRES.
MÍNIMA DE DOS (2) AÑOS DE EXPERIENCIA LABORAL EN EL SECTOR PÚBLICO.
EXPERIENCIA EN ASISTENCIA TÉCNICA EN GESTIÓN DEL RIESGO DE DESASTRES Y/O ELABORACIÓN EN INSTRUMENTOS TÉCNICOS EN GESTIÓN DEL RIESGO DE DESASTRES.","TÍTULO PROFESIONAL DE LA CARRERA DE INGENIERÍA, ARQUITECTURA, ADMINISTRACIÓN Y/O CIENCIAS MILITARES. COLEGIADO Y HABILITADO (*). QUEDAN EXCEPTUADAS LAS CARRERAS PROFESIONALES QUE ESTANDO RECONOCIDAS POR EL SISTEMA EDUCATIVO NACIONAL,  NO CUENTAN CON UN COLEGIO PROFESIONAL.",CURSOS Y/O PROGRAMAS DE ESPECIALIZACIÓN EN GESTIÓN PÚBLICA. CURSOS Y/O PROGRAMAS DE ESPECIALIZACIÓN EN GESTIÓN DEL RIESGO DE DESASTRES. CURSOS VINCULADOS A LA PREVENCIÓN Y REDUCCIÓN DEL RIESGO DE DESASTRES,NORMATIVA NACIONAL EN GESTIÓN DEL RIESGO DE DESASTRES. INSTRUMENTOS TÉCNICOS EN GESTIÓN PROSPECTIVA Y CORRECTIVA DEL RIESGO DE DESASTRES. SISTEMAS DE INFORMACIÓN GEOGRÁFICA. MECANISMOS FINANCIEROS EN GESTIÓN DEL RIESGO DE DESASTRES. PLANIFICACIÓN TERRITORIAL. EVALUACIÓN DEL RIESGO DE DESASTRES ORIGINADOS POR FENÓMENOS NATURALES. OFIMÁTICA (WORD Y EXCEL NIVEL BÁSICO Y POWER POINT NIVEL INTERMEDIO).,"ANÁLISIS, PLANIFICACIÓN, INICIATIVA Y COMUNICACIÓN ORAL",UN/A COORDINADOR DE ENLACE REGIONAL EN AMAZONAS,"Centro Nacional De Estimacion, Prevencion Y Reduccion Del Riesgo De Desastres (Cenepred)",23e46196-dffc-4bcf-bdc5-c21dca841d32,AMAZONAS - CHACHAPOYAS,11-11-2024,AMAZONAS,CHACHAPOYAS
https://convocatoria.minjus.gob.pe/convocatoria/public/index.xhtml,1,D.Leg 1057 - Determinado (Necesidad Transitoria)-920,7114.19,30/10/2024,13/11/2024,"•	EXPERIENCIA LABORAL GENERAL MÍNIMA DE DOS (02) AÑOS EN EL SECTOR PÚBLICO Y/O PRIVADO (ACREDITAR CON CONSTANCIA, CERTIFICADO Y/O DOCUMENTO ANÁLOGO).
•	EXPERIENCIA ESPECÍFICA MÍNIMA DE DOS (02) AÑOS CONTADOS A PARTIR DE LA OBTENCIÓN DE SU COLEGIATURA EN EL SECTOR PÚBLICO Y/O PRIVADO. (NIVEL MÍNIMO DE ANALISTA O SU EQUIVALENCIA). (ACREDITAR CON CONSTANCIA, CERTIFICADO Y/O DOCUMENTO ANÁLOGO","•	TÍTULO PROFESIONAL EN DERECHO, COLEGIADO Y HABILITACIÓN VIGENTE (ACREDITAR CON COPIA DEL TÍTULO, COPIA DE COLEGIATURA Y CONSTANCIA DE HABILITACIÓN VIGENTE, LA QUE DEBERÁ ESTAR VIGENTE HASTA LA FINALIZACIÓN DE LA ETAPA DE LA EVALUACIÓN CURRICULAR, CONFORME AL CRONOGRAMA DEL PRESENTE PROCESO DE CONTRATACIÓN).","•	DIPLOMADO Y/O PROGRAMA DE ESPECIALIZACIÓN EN DERECHO PENAL Y/O PROCESAL PENAL, EL CUAL DEBERÁ TENER UNA DURACIÓN NO MENOR DE NOVENTA (90) HORAS LECTIVAS, POR TANTO, LOS CERTIFICADOS Y/O CONSTANCIAS DEBEN INDICAR EL NÚMERO DE HORAS LECTIVAS, CASO CONTRARIO NO SERÁN TOMADOS EN CUENTA. (ACREDITAR CON CONSTANCIA Y/O CERTIFICADO). •	DIPLOMADO Y/O PROGRAMA DE ESPECIALIZACIÓN EN DERECHO CONSTITUCIONAL Y/O PROCESAL CONSTITUCIONAL Y/O DERECHOS HUMANOS, EL CUAL DEBERÁ TENER UNA DURACIÓN NO MENOR DE NOVENTA (90) HORAS LECTIVAS, POR TANTO, LOS CERTIFICADOS Y/O CONSTANCIAS DEBEN INDICAR EL NÚMERO DE HORAS LECTIVAS, CASO CONTRARIO NO SERÁN TOMADOS EN CUENTA. (ACREDITAR CON CONSTANCIA Y/O CERTIFICADO).","•	CONOCIMIENTOS TÉCNICOS (*): CONOCIMIENTOS EN DERECHO PENAL, PROCESAL PENAL, CONSTITUCIONAL, PROCESAL CONSTITUCIONAL, DERECHOS HUMANOS . •	CONOCIMIENTO DE OFIMÁTICA (*): -	PROCESADOR DE TEXTOS (WORD, OPEN OFFICE WRITE, ETC.), -	HOJA DE CÁLCULO (EXCEL, OPENCALC, ETC.) -	PROGRAMA DE PRESENTACIONES (POWER POINT, PREZI, ETC.). TODOS CON NIVEL DE DOMINIO BÁSICO.",•	COMPROMISO •	RESPONSABILIDAD  •	VOCACIÓN DE SERVICIO •	ADAPTABILIDAD – FLEXIBILIDAD •	COMUNICACIÓN •	ORIENTACIÓN A RESULTADOS •	CONCIENCIA SOCIAL •	CAPACIDAD DE ANÁLISIS Y SÍNTESIS •	NEGOCIACIÓN •	PROACTIVIDAD,DEFENSOR PÚBLICO DE DEFENSA DE VÍCTIMAS SNEJ PARA LA DIRECCIÓN GENERAL DE DEFENSA PUBLICA Y ACCESO A LA JUSTICIA – (AMAZONAS),Ministerio De Justicia Y Derechos Humanos,617323fe-f2c2-4cbc-b32c-18d77f604ef3,AMAZONAS - CHACHAPOYAS,11-11-2024,AMAZONAS,CHACHAPOYAS
https://www.mimp.gob.pe/convocatorias/casmimp/contenidos/convocatorias-todas-2024.php,1,D.Leg 1057 - Determinado (Necesidad Transitoria)-287,3000.0,29/10/2024,12/11/2024,"02 AÑOS DE EXPERIENCIA LABORAL EN EL SECTOR PÚBLICO Y/O PRIVADO. // 01 AÑO DE EXPERIENCIA ESPECÍFICA RELACIONADO EN FUNCIÓN O LA MATERIA. // 01 AÑO COMO AUXILIAR O ASISTENTE, QUE DEBEN FORMAR PARTE DE UN 01 AÑO EN LA FUNCIÓN O MATERIA. // 01 AÑO EN EL SECTOR PÚBLICO, QUE DEBE FORMAR PARTE DE UN 01 AÑO EN LA FUNCIÓN O MATERIA.","BACHILLER UNIVERSITARIO EN PSICOLOGÍA, SOCIOLOGÍA, EDUCACIÓN O TRABAJADOR SOCIAL.","CURSO EN TEMAS RELACIONADOS CON NIÑAS, NIÑOS O ADOLESCENTES O FAMILIA.","CONOCIMIENTO DE LOS PROCEDIMIENTOS DE PRESUNTA DESPROTECCIÓN DE NIÑAS, NIÑOS Y ADOLESCENTES. // PROCESADOR DE TEXTOS NIVEL BÁSICO, HOJA DE CÁLCULO NIVEL BÁSICO, PROGRAMAS DE PRESENTACIÓN NIVEL BÁSICO.","LIDERAZGO, SERVICIO INSTITUCIONAL, ORIENTACIÓN A RESULTADOS, PROACTIVIDAD E INTEGRIDAD.",ANALISTA DE ADMISION,Ministerio De La Mujer Y Poblaciones Vulnerables,6685abe6-be41-497e-8fa7-bc00d4610a0c,AMAZONAS - CHACHAPOYAS,11-11-2024,AMAZONAS,CHACHAPOYAS
https://www.mimp.gob.pe/convocatorias/casmimp/contenidos/convocatorias-todas-2024.php,1,D.Leg 1057 - Determinado (Necesidad Transitoria)-288,3000.0,29/10/2024,12/11/2024,"03 AÑOS DE EXPERIENCIA LABORAL EN EL SECTOR PÚBLICO Y/O PRIVADO. // 02 AÑOS DE EXPERIENCIA ESPECÍFICA RELACIONADO EN FUNCIÓN O LA MATERIA. // 01 AÑO COMO AUXILIAR O ASISTENTE, QUE DEBEN FORMAR PARTE DE LOS 02 AÑOS EN LA FUNCIÓN O MATERIA. // 01 AÑO EN EL SECTOR PÚBLICO, QUE DEBE FORMAR PARTE DE LOS 02 AÑOS EN LA FUNCIÓN O MATERIA.",TÍTULO UNIVERSITARIO EN EDUCACIÓN.,CURSO EN TEMAS RELACIONADOS A METODOLOGÍAS LÚDICAS.,"CONOCIMIENTO DEL DESARROLLO EVOLUTIVO DE LA NIÑA, NIÑO Y ADOLESCENTE, PRIMEROS AUXILIOS, MANEJO DE ESTRÉS Y CRISIS. // PROCESADOR DE TEXTOS NIVEL BÁSICO, HOJA DE CÁLCULO NIVEL BÁSICO, PROGRAMAS DE PRESENTACIÓN NIVEL BÁSICO.","LIDERAZGO, SERVICIO INSTITUCIONAL, ORIENTACIÓN A RESULTADOS, PROACTIVIDAD E INTEGRIDAD.",EDUCADOR/A,Ministerio De La Mujer Y Poblaciones Vulnerables,2fd130d4-4585-4b5f-81f5-aee5929aa015,AMAZONAS - CHACHAPOYAS,11-11-2024,AMAZONAS,CHACHAPOYAS
https://,1,D.Leg 1057 - Determinado (Necesidad Transitoria)-1,1075.0,29/10/2024,12/11/2024,"ACREDITAR EXPERIENCIA GENERAL MÍNIMA DE UN (1) AÑO.
-
ACREDITAR EXPERIENCIA MÍNIMA DE SEIS (06) MESES RELACIONADO A AREAS ADMINISTRATIVAS.","EGRESADO DE CARRERA TECNICA SUPERIOR DE CIENCIAS ADMINISTRATIVAS, ECONOMICAS Y/O SOCIALES",NO APLICA,SISTEMAS ADMINISTRATIVOS DEL ESTADO (NO SE REQUIERE SUSTENTAR CON DOCUMENTOS),"ORIENTACIÓN A RESULTADOS, TRABAJO EN EQUIPO.",ASISTENTE ADMINISTRATIVO EN LA OFICINA DE REGISTRO CIVIL DEL ANEXO SAN SALVADOR,Municipalidad Distrit Santo Tomas,6118b89c-5d2e-4ffa-900f-22cf2a534635,AMAZONAS - SANTO TOMAS,11-11-2024,AMAZONAS,SANTO TOMAS
https://casrrhh.aurora.gob.pe/convocatorias/,1,D.Leg 1057 - Determinado (Necesidad Transitoria)-535,3000.0,28/10/2024,11/11/2024,"EXPERIENCIA GENERAL
DOS (02) AÑOS DE EXPERIENCIA GENERAL EN EL SECTOR PÚBLICO Y/O PRIVADO.
• EXPERIENCIA ESPECÍFICA
UN (01) AÑO DE EXPERIENCIA ACREDITADA EN PROCESOS PENALES EN EL SECTOR 
PÚBLICO O PRIVADO.","• TÍTULO PROFESIONAL UNIVERSITARIO EN DERECHO, CON COLEGIATURA Y  HABILITACIÓN VIGENTE.",• CAPACITACIÓN ACREDITADA AFÍN A LA TEMÁTICA DE VIOLENCIA CONTRA LAS  MUJERES Y/O VIOLENCIA SEXUAL Y/O DERECHOS HUMANOS Y/O DERECHO  PROCESAL Y/O DERECHO PENAL.,"CONOCIMIENTOS DE ENFOQUES Y PRINCIPIOS DE LA ATENCIÓN DE CASOS DE  VIOLENCIA CONTRA LAS MUJERES E INTEGRANTES DEL GRUPO FAMILIAR Y VIOLENCIA  SEXUAL. • CONOCIMIENTOS DE OFIMÁTICA: - PROCESADOR DE TEXTOS, NIVEL BÁSICO. - HOJAS DE CÁLCULO, NIVEL BÁSICO. - PROGRAMA DE PRESENTACIONES, NIVEL BÁSICO. • CONOCIMIENTO DE IDIOMAS/DIALECTOS: DE PREFERENCIA PARA LAS ZONAS QUECHUA HABLANTES. DE PREFERENCIA LENGUA Y/O DIALECTO DE LA ZONA, SEGÚN ÁMBITO  DE INTERVENCIÓN. DE PREFERENCIA MANEJO DE LENGUAJE DE SEÑAS","• EMPATÍA, COMUNICACIÓN EFECTIVA, VOCACIÓN DE SERVICIO, TRABAJO EN  EQUIPO, PROACTIVIDAD, COMPORTAMIENTO ÉTICO Y ORIENTACIÓN AL SERVICIO.",CONVOCATORIA PARA LA CONTRATACIÓN ADMINISTRATIVA DE SERVICIO CAS (NECESIDAD  TRANSITORIA) DE UN/A (01) ABOGADO PARA CEM COMISARIA RURAL SECTORIAL LAMUD - AMAZONAS,Progr Nac Para La Prevenc Y Erradic De La Violencia Contra Las Mujeres E Integ Del Grup Fam-Aurora,eea47ce8-ddaa-4675-9250-509ecc3cb642,AMAZONAS - LAMUD,11-11-2024,AMAZONAS,LAMUD
https://casrrhh.aurora.gob.pe/convocatorias/,1,D.Leg 1057 - Determinado (Necesidad Transitoria)-537,4000.0,28/10/2024,11/11/2024,"EXPERIENCIA GENERAL
DOS (02) AÑOS DE EXPERIENCIA GENERAL EN EL SECTOR PÚBLICO Y/O PRIVADO.
• EXPERIENCIA ESPECÍFICA
UN (01) AÑO DE EXPERIENCIA ACREDITADA EN PROCESOS PENALES EN EL SECTOR 
PÚBLICO O PRIVADO.","TÍTULO PROFESIONAL UNIVERSITARIO EN DERECHO, CON COLEGIATURA Y  HABILITACIÓN VIGENTE.",• CAPACITACIÓN ACREDITADA AFÍN A LA TEMÁTICA DE VIOLENCIA CONTRA LAS  MUJERES Y/O VIOLENCIA SEXUAL Y/O DERECHOS HUMANOS Y/O DERECHO  PROCESAL Y/O DERECHO PENAL.,"CONOCIMIENTOS DE ENFOQUES Y PRINCIPIOS DE LA ATENCIÓN DE CASOS DE  VIOLENCIA CONTRA LAS MUJERES E INTEGRANTES DEL GRUPO FAMILIAR Y VIOLENCIA  SEXUAL. • CONOCIMIENTOS DE OFIMÁTICA: - PROCESADOR DE TEXTOS, NIVEL BÁSICO. - HOJAS DE CÁLCULO, NIVEL BÁSICO. - PROGRAMA DE PRESENTACIONES, NIVEL BÁSICO. • CONOCIMIENTO DE IDIOMAS/DIALECTOS: DE PREFERENCIA PARA LAS ZONAS QUECHUA HABLANTES. DE PREFERENCIA LENGUA Y/O DIALECTO DE LA ZONA, SEGÚN ÁMBITO  DE INTERVENCIÓN. DE PREFERENCIA MANEJO DE LENGUAJE DE SEÑAS","• EMPATÍA, COMUNICACIÓN EFECTIVA, VOCACIÓN DE SERVICIO, TRABAJO EN  EQUIPO, PROACTIVIDAD, COMPORTAMIENTO ÉTICO Y ORIENTACIÓN AL SERVICIO.",CONVOCATORIA PARA LA CONTRATACIÓN ADMINISTRATIVA DE SERVICIO CAS (NECESIDAD  TRANSITORIA) DE UN/A (01) ABOGADO PARA CEM CHACHAPOYAS - AMAZONAS,Progr Nac Para La Prevenc Y Erradic De La Violencia Contra Las Mujeres E Integ Del Grup Fam-Aurora,c63ce74d-17d8-4923-9649-aa8f50a7d461,AMAZONAS - CHACHAPOYAS,11-11-2024,AMAZONAS,CHACHAPOYAS
https://www.gob.pe/35478-oportunidades-laborales,1,D.Leg 1057 - Determinado (Necesidad Transitoria)-057,3500.0,28/10/2024,11/11/2024,"DOS (02) AÑOS DE EXPERIENCIA GENERAL, DOS (02) AÑOS COMO AUXILIAR O ASISTENTE EN EL SECTOR PÚBLICO Y/O PRIVADO, UN (01) AÑO COMO AUXILIAR O ASISTENTE EN EL SECTOR PÚBLICO",GRADO ACADÉMICO DE BACHILLER EN INGENIERÍA CIVIL O INGENIERÍA DE TRANSPORTES,CURSOS EN GESTIÓN DE LA CONSTRUCCIÓN Y/O CARRETERAS Y/O INFRAESTRUCTURA VIAL Y/O INGENIERÍA (MÍNIMO 12 HORAS ACUMULABLES),"PROYECTOS DE INVERSIÓN PÚBLICA, LEY DE CONTRATACIONES DEL ESTADO Y GESTIÓN PÚBLICA","CAPACIDAD DE ANÁLISIS, TRABAJO EN EQUIPO , COMPROMISO, VOCACIÓN DE SERVICIO",ASISTENTE  DE SUPERVISIÓN II,Proyecto Especial De Infraestructura De Transporte Nacional - Provias Nacional -,cd47266d-ad9e-43ef-b16a-b265d4e69f56,AMAZONAS - CHACHAPOYAS,11-11-2024,AMAZONAS,CHACHAPOYAS
https://sistemas.oefa.gob.pe/oefa-convocatoria-web/,1,D.Leg 1057 - Determinado (Necesidad Transitoria)-150,7000.0,30/10/2024,13/11/2024,"EXPERIENCIA GENERAL EN EL SECTOR PÚBLICO Y/O PRIVADO MÍNIMA DE TRES (03) AÑOS.
EXPERIENCIA ESPECÍFICA DE DOS (02) AÑOS EN FUNCIONES AFINES AL PUESTO A DESEMPEÑAR, DE LOS CUALES UN (01) AÑO DESDE EL NIVEL ANALISTA O SIMILARES  EN FUNCIONES AFINES AL PUESTO A DESEMPEÑAR EN EL SECTOR PÚBLICO.","TÍTULO UNIVERSITARIO EN INGENIERÍA AMBIENTAL, QUÍMICA, BIOLOGÍA Y/O AFINES CON COLEGIATURA Y HABILITACIÓN PROFESIONAL","CURSO EN FISCALIZACIÓN AMBIENTAL, EVALUACIÓN DE IMPACTO AMBIENTAL, GESTIÓN AMBIENTAL, NORMATIVA DE GESTIÓN INTEGRAL DE RESIDUOS SÓLIDOS Y/O AFINES EN TEMAS AMBIENTALES.","PROCESADOR DE TEXTOS (WORD, OPEN OFFICE WRITE, ETC) A NIVEL BÁSICO. HOJA DE CÁLCULO (EXCEL, OPECALC, ETC) A NIVEL BÁSICO. PROGRAMA DE PRESENTACIONES (POWER POINT, PREZI, ETC) A NIVEL BÁSICO.",HABILIDADES : ADAPTABILIDAD - ANÁLISIS - PLANIFICACIÓN. COMPETENCIAS : VOCACIÓN DE SERVICIO - TRABAJO EN EQUIPO - ORIENTACIÓN A RESULTADOS.,ESPECIALISTA  AMBIENTAL- ESPECIALISTA III,Organismo De Evaluacion Y Fiscalizacion Ambiental - Oefa,83e4302d-dc9f-490d-8d21-a0402aad053f,ANCASH - CHIMBOTE,11-11-2024,ANCASH,CHIMBOTE
https://www.hcaleta.gob.pe,1,D.Leg 1057 - Determinado (Necesidad Transitoria)-02,2900.0,30/10/2024,13/11/2024,"EXPERIENCIA GENERAL:
EXPERIENCIA LABORAL DE DOS (02) AÑOS EN EL SECTOR PÚBLICO Y/O PRIVADO. (NO INCLUYE SERUMS)
EXPERIENCIA ESPECIFICA
DOS (02) AÑOS EN EL SECTOR PÚBLICO Y/O PRIVADO
UN (01 ) AÑO DE EXPERIENCIA EN FUNCIONES SIMILARES EN EL SECTOR PUBLICO","TITULO DE ENFERMERIA, COLEGIATURA, HABILIDAD",SN,"(1) CONOCIMIENTOS PROPIOS Y AFINES AL ÁREA. (2) CUIDADOS DE ENFERMERÍA A PACIENTES CON DIABETES MELLITUS. (3) CONOCIMIENTOS SOBRE MANEJO DE PACIENTES CON TUBERCULOSIS. (4) CONOCIMIENTOS SOBRE MANEJO DE PACIENTES ONCOLÓGICOS (5) CONOCIMIENTO EN CADENA DE FRÍO, INMUNIZACIONES, CRED. (6) CONOCIMIENTOS SOBRE MANEJO DE PRE QUIRÚRGICOS. (7) MEDIDAS DE BIOSEGURIDAD. (8) CONOCIMIENTO EN EL MANEJO DEL SISTEMA OPERATIVO WINDOWS.","• CAPACIDAD ANALÍTICA, PROACTIVA, ORGANIZATIVA Y TRABAJO BAJO PRESIÓN.  • CONOCIMIENTO Y APLICACIÓN DE VALORES ÉTICOS, CULTURA DE BUEN TRATO Y BUENAS RELACIONES INTERPERSONALES. • TRABAJO EN EQUIPO Y COOPERACIÓN AL NIVEL DESEADO. • CREATIVIDAD E INICIATIVA. • DISPONIBILIDAD INMEDIATA. • TOLERANCIA AL TRABAJO BAJO PRESIÓN. • ÉTICA Y VALORES: SOLIDARIDAD Y HONRADES. SER PERSONAS INTEGRAS.     • DE VOCACIÓN Y ENTREGA AL SERVICIO Y BIENESTAR DE LAS DEMÁS.",ENFERMERO/A,Unidad Ejecutora 404 Salud La Caleta,7986f7fa-7087-4e65-a310-a2b87e33b8ca,ANCASH - CHIMBOTE,11-11-2024,ANCASH,CHIMBOTE
https://convocatoria.minjus.gob.pe/convocatoria/public/index.xhtml,2,D.Leg 1057 - Determinado (Necesidad Transitoria)-914,5114.19,30/10/2024,13/11/2024,"•	EXPERIENCIA LABORAL GENERAL MÍNIMA DE DOS (02) AÑOS EN EL SECTOR PÚBLICO Y/O PRIVADO (ACREDITAR CON CONSTANCIA, CERTIFICADO Y/O DOCUMENTO ANÁLOGO).
•	EXPERIENCIA ESPECÍFICA MÍNIMA DE DOS (02) AÑOS CONTADOS A PARTIR DE LA OBTENCIÓN DE SU COLEGIATURA EN EL SECTOR PÚBLICO Y/O PRIVADO. (ACREDITAR CON CONSTANCIA, CERTIFICADO Y/O DOCUMENTO ANÁLOGO). (NIVEL MÍNIMO DE ANALISTA LEGAL O SU EQUIVALENCIA).
•	EXPERIENCIA EN LITIGACIÓN DE PROCESOS PENALES (ACREDITAR CON CONSTANCIA, CERTIFICADO Y/O DOCUMENTO ANÁLOGO).","•	TÍTULO PROFESIONAL EN DERECHO, COLEGIADO Y HABILITACIÓN VIGENTE (ACREDITAR CON COPIA DEL TÍTULO, COPIA DE COLEGIATURA Y CONSTANCIA DE HABILITACIÓN VIGENTE, LA QUE DEBERÁ ESTAR VIGENTE HASTA LA FINALIZACIÓN DE LA ETAPA DE LA EVALUACIÓN CURRICULAR, CONFORME AL CRONOGRAMA DEL PRESENTE PROCESO DE CONTRATACIÓN).","•	DIPLOMADO EN LA ESPECIALIDAD EN DERECHO PENAL Y/O EJECUCIÓN PENAL Y/O ADOLESCENTES EN CONFLICTO CON LA LEY PENAL Y/O TÉCNICAS DE LITIGACIÓN ORAL, EL CUAL DEBERÁ TENER UNA DURACIÓN NO MENOR DE NOVENTA (90) HORAS LECTIVAS, POR TANTO, LOS CERTIFICADOS Y/O CONSTANCIAS DEBEN INDICAR EL NÚMERO DE HORAS LECTIVAS, CASO CONTRARIO NO SERÁN TOMADOS EN CUENTA. (ACREDITAR CON CONSTANCIA Y/O CERTIFICADO). •	DIPLOMADO RELACIONADO CON TEMAS VINCULADOS CON EL NUEVO CÓDIGO PROCESAL PENAL, EL CUAL DEBERÁ TENER UNA DURACIÓN NO MENOR DE NOVENTA (90) HORAS LECTIVAS, POR TANTO, LOS CERTIFICADOS Y/O CONSTANCIAS DEBEN INDICAR EL NÚMERO DE HORAS LECTIVAS, CASO CONTRARIO NO SERÁN TOMADOS EN CUENTA. (ACREDITAR CON CONSTANCIA Y/O CERTIFICADO). •	DIPLOMADO RELACIONADO CON TEMAS VINCULADOS CON EL NUEVO CÓDIGO PROCESAL CONSTITUCIONAL, EL CUAL DEBERÁ TENER UNA DURACIÓN NO MENOR DE NOVENTA (90) HORAS LECTIVAS, POR TANTO, LOS CERTIFICADOS Y/O CONSTANCIAS DEBEN INDICAR EL NÚMERO DE HORAS LECTIVAS, CASO CONTRARIO NO SERÁN TOMADOS EN CUENTA. (ACREDITAR CON CONSTANCIA Y/O CERTIFICADO).","•	CONOCIMIENTOS TÉCNICOS (*): CONOCIMIENTOS EN DERECHO PENAL, DERECHO CONSTITUCIONAL, DERECHOS HUMANOS, DERECHO PROCESAL PENAL, DERECHO PROCESAL CONSTITUCIONAL, CRIMINALÍSTICA, CÓDIGO DEL NIÑO Y EL ADOLESCENTE, CÓDIGO DE RESPONSABILIDAD PENAL DEL ADOLCESCENTES, LITIGACIÓN ORAL, DERECHO DE EJECUCIÓN PENAL.  •	CONOCIMIENTOS DE OFIMÁTICA (*): PROCESADOR DE TEXTOS (WORD, OPEN OFFICE WRITE, ETC.), HOJA DE CÁLCULO (EXCEL, OPENCALC, ETC.) PROGRAMA DE PRESENTACIONES (POWER POINT, PREZI, ETC.),  TODOS CON NIVEL DE DOMINIO BÁSICO",•	COMPROMISO •	RESPONSABILIDAD •	VOCACIÓN DE SERVICIO •	ADAPTABILIDAD – FLEXIBILIDAD •	COMUNICACIÓN •	ORIENTACIÓN A RESULTADOS •	CONCIENCIA SOCIAL •	CAPACIDAD DE ANÁLISIS Y SÍNTESIS •	NEGOCIACIÓN •	PROACTIVIDAD,DEFENSOR PÚBLICO EN EL NUEVO CÓDIGO PROCESAL PENAL,Ministerio De Justicia Y Derechos Humanos,5278bb01-b8ec-4020-a355-339762ee4044,ANCASH - HUARAZ,11-11-2024,ANCASH,HUARAZ
https://aplicativo.pj.gob.pe/psep/wfrmConvocatoriasV.aspx?TCon=C,1,D.Leg 1057 - Determinado (Suplencia)-031,2972.0,30/10/2024,13/11/2024,"¿ EXPERIENCIA GENERAL: DOS (02) AÑOS EN EL EJERCICIO DE LA PROFESIÓN, EN
EL SECTOR PÚBLICO Y/O PRIVADO.
¿ EXPERIENCIA ESPECÍFICA: UN (01) AÑO EN LABORES SIMILARES O
EQUIVALENTES AL CARGO QUE POSTULA EN EL SECTOR PÚBLICO, CONFORME A LAS
FUNCIONES ESTABLECIDAS EN LAS NORMAS, RESOLUCIONES ADMINISTRATIVAS Y
DIRECTIVAS.",¿ TÍTULO PROFESIONAL DE ABOGADO. COLEGIATURA Y HABILITACIÓN PROFESIONAL VIGENTE AL MOMENTO DE LA POSTULACIÓN.,"MAESTRÍA, DIPLOMADOS, ESPECIALIZACIÓN O CURSOS DE ESPECIALIZACIÓN EN: ¿ NUEVO CÓDIGO PROCESAL PENAL (OBLIGATORIO). ¿ DERECHO PENAL O PROCESAL PENAL. (DESEABLE) ¿ DERECHO CONSTITUCIONAL. (DESEABLE) ¿ CURSO DE OFIMÁTICA (DESEABLE) (ACREDITABLE)",¿ CONOCIMIENTO EN MATERIA RELACIONADA CON EL ÁMBITO DE SU COMPETENCIA. ¿ CONOCIMIENTOS EN REDACCIÓN Y ARGUMENTACIÓN JURÍDICA.,¿ ANÁLISIS ¿ ATENCIÓN. ¿ SÍNTESIS. ¿ ORGANIZACIÓN DE INFORMACIÓN. ¿ REDACCIÓN.,ESPECIALISTA JUDICIAL DE JUZGADO,Poder Judicial,4751e847-8c43-46e8-a9ba-f4f58d18cad3,ANCASH - NUEVO CHIMBOTE,11-11-2024,ANCASH,NUEVO CHIMBOTE
https://www.hcaleta.gob.pe,1,D.Leg 1057 - Determinado (Suplencia)-03,5200.0,30/10/2024,13/11/2024,"EXPERIENCIA GENERAL
EXPERIENCIA LABORAL DE UN (01) AÑO EN EL SECTOR PÚBLICO Y/O PRIVADO.
EXPERIENCIA ESPECIFICA
SEIS (06) MESES COMO MÉDICO ECOGRAFISTA EN EL SECTOR PÚBLICO Y/O PRIVADO.
TRES (03) MESES COMO MÉDICO ECOGRAFISTA EN EL SECTOR PÚBLICO.","MEDICO, COLEGIATURA, HABILIDAD",SN,(1) ECOGRAFIA BASICA GENERAL  (2) ECOGRAFIA MUSCULOESQUELETICA,"TRABAJO EN EQUIPO, COMPORTAMIENTO ÉTICO ORIENTACIÓN DE SERVICIO AL CIUDADANO  COMUNICACION ASERTIVA",MEDICO,Unidad Ejecutora 404 Salud La Caleta,eb5bfbdf-11f5-4b3a-b1f8-78c297d9d56e,ANCASH - CHIMBOTE,11-11-2024,ANCASH,CHIMBOTE
https://www.sis.gob.pe/Portal/paginas/cas2024.html,1,D.Leg 1057 - Determinado (Necesidad Transitoria)-101,9000.0,28/10/2024,11/11/2024,"EXPERIENCIA GENERAL:
NO MENOR DE CINCO (05) AÑOS EN EL SECTOR PUBLICO Y/O PRIVADO.
EXPERIENCIA ESPECIFICA:
NO MENOR DE CUATRO (04) AÑOS DESEMPEÑANDO PUESTOS Y/O CARGOS DIRECTIVOS EN EL SECTOR PUBLICO Y/O PRIVADO DE LOS CUALES MINIMO DOS (02) AÑOS EN EL SECTOR SALUD.","-TITULO PROFESIONAL EN CIENCIAS DE LA SALUD  - COLEGIADO, HABÍLITADO Y ACTIVO. - EGRESADO DE MAESTRIA.",MÍNIMO DOS (02) ESPECIALIZACIONES Y/O DIPLOMADOS EN:  SALUD PÚBLICA Y/O SERVICIOS DE SALUD Y/O AUDITORIA MÉDICA Y/O GESTIÓN PÚBLICA Y/O SIMILAR.,"CONOCIMIENTO DE LA NORMATIVIDAD SIS,  MANEJO DE HERRAMIENTA EXCEL.","COMPROMISO, TRABAJO EN EQUIPO, VOCACIÓN DE SERVICIO",DIRECTOR DE UDR,Seguro Integral De Salud,755a54e6-242a-4314-9d91-440e910b6ad8,ANCASH - HUARAZ,11-11-2024,ANCASH,HUARAZ
https://aplicativosweb2.sunafil.gob.pe/si.convocatoria/convocatoria,1,D.Leg 1057 - Determinado (Suplencia)-215,4000.0,31/10/2024,14/11/2024,"- EXPERIENCIA GENERAL MÍNIMA DE TRES (03) AÑOS EN EL SECTOR PÚBLICO O
PRIVADO.
- EXPERIENCIA ESPECÍFICA MÍNIMA DE UN (01) AÑO EN EL SECTOR PÚBLICO
OCUPANDO CARGOS EQUIVALENTES AL OBJETO DE LA CONVOCATORIA (**), EN EL
NIVEL MÍNIMO DE ASISTENTE, EN LAS CUALES SE HAYA REALIZADO FUNCIONES DE:
I) PROYECCIÓN Y/O ELABORACIÓN DE DOCUMENTOS EN FASE SANCIONADORA
(PRIMERA INSTANCIA) DEL PROCEDIMIENTO ADMINISTRATIVO SANCIONADOR; Y/O,
II) PROYECCIÓN Y/O ELABORACIÓN DE DOCUMENTOS EN MATERIA DE DERECHO
LABORAL Y/O SEGURIDAD Y SALUD EN EL TRABAJO.","- TÍTULO PROFESIONAL DE ABOGADO/A, COLEGIADO/A Y HABILITADO/A.","- DIPLOMADO Y/O PROGRAMA DE ESPECIALIZACIÓN EN DERECHO LABORAL, DERECHO ADMINISTRATIVO, O PROCEDIMIENTO ADMINISTRATIVO SANCIONADOR.","CONOCIMIENTOS TÉCNICOS: (ENTREVISTA PERSONAL) - LEGISLACIÓN LABORAL, DERECHO ADMINISTRATIVO, PROCEDIMIENTO SANCIONADOR, SEGURIDAD Y SALUD EN EL TRABAJO. - SISTEMA DE INSPECCIÓN DEL TRABAJO. - CONOCIMIENTO EN HERRAMIENTAS DE INTERNET. CONOCIMIENTOS DE OFIMÁTICA: - WORD A NIVEL INTERMEDIO. - EXCEL Y POWER POINT A NIVEL BÁSICO",- ORGANIZACIÓN DE LA INFORMACIÓN.  - ANÁLISIS. - REDACCIÓN. - INICIATIVA. - COOPERACIÓN.,ESPECIALISTA LEGAL II (SEGUNDA CONVOCATORIA),Superintendencia Nacional De Fiscalizacion Laboral - Sunafil,e2bddc17-b810-4418-8626-378bc685faa8,ANCASH - CHIMBOTE,11-11-2024,ANCASH,CHIMBOTE
https://aplicativo.pj.gob.pe/psep/wfrmConvocatoriasV.aspx?TCon=C,2,D.Leg 1057 - Determinado (Suplencia)-039,1300.0,31/10/2024,14/11/2024,"¿ EXPERIENCIA GENERAL NO MENOR DE TRES (03) AÑOS EN PRESTACIÓN DE SERVICIOS EN EL SECTOR PÚBLICO Y/O PRIVADO.
¿ EXPERIENCIA ESPECIFICA NO MENOR DE DOS (02) AÑOS EN LABORES SIMILARES O EQUIVALENTE AL CARGO QUE POSTULA, RELACIONADOS A LA CONDUCCIÓN DE VEHÍCULO AUTOMOTOR, EN EL SECTOR PÚBLICO Y/O PRIVADO, CONFORME A LAS FUNCIONES ESTABLECIDAS EN EL PERFIL.","¿ SECUNDARIA COMPLETA, DEBIDAMENTE ACREDITABLE","DIPLOMADOS, ESPECIALIZACIÓN, CURSOS DE ESPECIALIZACIÓN; O EN SU DEFECTO, CAPACITACIÓN, SEMINARIO O TALLER EN: ¿ SEGURIDAD VIAL Y SENSIBILIZACIÓN DEL INFRACTOR CON CERTIFICACIÓN VALIDA EMITIDA POR LAS INSTITUCIONES COMPETENTES (DESEABLE-ACREDITABLE) ¿ CURSO DE OFIMÁTICA- MICROSOFT OFFICCE BÁSICA (DESEABLE-ACREDITABLE)",CONOCIMIENTO BÁSICO DE MECÁNICA GENERAL Y AUTOMOTRIZ.,. HABILIDADES ¿ COMUNICACIÓN ORAL ¿ AUTOCONTROL. ¿ CONFIDENCIALIDAD ¿ DINAMISMO Y PROACTIVIDAD ¿ ANÁLISIS,CONDUCCION DE VEHICULO,Poder Judicial,3a9ee67f-3731-45f0-9e35-01d4455abf03,ANCASH - CHIMBOTE,11-11-2024,ANCASH,CHIMBOTE
https://aplicativo.pj.gob.pe/psep/wfrmConvocatoriasV.aspx?TCon=C,1,D.Leg 1057 - Determinado (Suplencia)-038,2212.0,31/10/2024,14/11/2024,"¿ EXPERIENCIA GENERAL: NO MENOR DE SEIS MESES (06) MESES EN EL SECTOR
PÚBLICO Y/O PRIVADO EN LABORES SIMILARES: MENSAJERÍA, DISTRIBUCIÓN, LABOR
ADMINISTRATIVA Y OTROS","¿ SECUNDARIA COMPLETA, DEBIDAMENTE ACREDITADO Y CONTAR CON LICENCIA DE CONDUCIR DE VEHÍCULO MENOR MOTORIZADO.","¿ DIPLOMADOS, ESPECIALIZACIÓN, CURSOS DE ESPECIALIZACIÓN Y/O CAPACITACIÓN EN: ¿ CURSO DE OFIMÁTICA (DESEABLE) (ACREDITABLE)",¿ CONOCIMIENTO DE TRÁMITES JUDICIALES. ¿ CONOCIMIENTOS DE LAS ZONAS DE CHIMBOTE Y NUEVO CHIMBOTE,¿ ADAPTABILIDAD. ¿ ANÁLISIS. ¿ REDACCIÓN. ¿ COMPRENSIÓN LECTORA. ¿ EMPATÍA Y AUTOCONTROL,ASISTENTE DE COMUNICACIONES,Poder Judicial,cb639540-34fa-4311-b122-b26f5811b8bc,ANCASH - CHIMBOTE,11-11-2024,ANCASH,CHIMBOTE
https://ugelpomabamba.gob.pe/,1,276-006,974.75,31/10/2024,14/11/2024,RVM N° 287-2019-MINEDU,RVM N° 287-2019-MINEDU,RVM N° 287-2019-MINEDU,RVM N° 287-2019-MINEDU,RVM N° 287-2019-MINEDU,TRABAJADOR DE SERVICIO II,Unidad De Gestion Educativa Local De Pomabamba,91836038-0a72-40aa-a581-3e5f0fce76d9,ANCASH - POMABAMBA,11-11-2024,ANCASH,POMABAMBA
https://www.hcaleta.gob.pe,1,D.Leg 1057 - Determinado (Suplencia)-03,2300.0,30/10/2024,13/11/2024,"EXPERIENCIA GENERAL
EXPERIENCIA LABORAL DE DOS (02) AÑOS EN EL SECTOR PUBLICO Y/O PRIVADO
EXPERICIENCIA ESPECIFICA
DE SEIS (06) MESES EN EL SECTOR PUBLICO Y/O PRIVADO EN LAS FUNCIONES SOLICITADAS","BIOLOGO/A, COLEGIATURA, HABILIDAD",SN,"MODELO INTEGRAL DE SALUD, BIOQUIMICA, MICROBIOLOGIA Y PARASITOLOGIA, MEDIDAS DE BIOSEGURIDAD, SALUD AMBIENTAL","TRABAJO EN EQUIPO, COMPORTAMIENTO ÉTICO ORIENTACIÓN DE SERVICIO AL CIUDADANO  COMUNICACION EFECTIVA",BIOLOGO/A,Unidad Ejecutora 404 Salud La Caleta,d3cf1c06-7373-47a3-bcd6-6b362113f742,ANCASH - CHIMBOTE,11-11-2024,ANCASH,CHIMBOTE
https://aplicativo.pj.gob.pe/psep/wfrmConvocatoriasV.aspx?TCon=C,1,D.Leg 1057 - Determinado (Necesidad Transitoria)-041,2972.0,30/10/2024,13/11/2024,"¿ EXPERIENCIA GENERAL: DOS (02) AÑOS DE PRESTACIÓN DE SERVICIOS,
CONTADOS A PARTIR DE LA COLEGIATURA PARA EL EJERCICIO DE LA PROFESIÓN, EN EL
SECTOR PÚBLICO Y/O PRIVADO.
¿ EXPERIENCIA ESPECÍFICA: UN (01) AÑO EN LABORES SIMILARES O
EQUIVALENTES AL CARGO QUE POSTULA EN LA ESPECIALIDAD PENAL, EN EL SECTOR
PÚBLICO, CONFORME A LAS FUNCIONES ESTABLECIDAS",¿ TÍTULO PROFESIONAL DE ABOGADO. COLEGIATURA Y HABILITACIÓN PROFESIONAL VIGENTE AL MOMENTO DE LA POSTULACIÓN.,"¿ DIPLOMADOS, ESPECIALIZACIÓN O CURSOS DE ESPECIALIZACIÓN EN: ¿ NUEVO CÓDIGO PROCESAL PENAL. (OBLIGATORIO) ¿ DERECHO PENAL O PROCESAL PENAL. (DESEABLE) ¿ DERECHO CONSTITUCIONAL. (DESEABLE) ¿ CURSO DE OFIMÁTICA. (DESEABLE) (ACREDITABLE)",¿ CONOCIMIENTO EN MATERIA RELACIONADA CON EL ÁMBITO DE SU COMPETENCIA. ¿ CONOCIMIENTOS EN REDACCIÓN Y ARGUMENTACIÓN JURÍDICA.,¿ ADAPTABILIDAD. ¿ ANÁLISIS. ¿ REDACCIÓN. ¿ COMPRENSIÓN LECTORA. ¿ EMPATÍA Y AUTOCONTROL.,ESPECIALISTA JUDICIAL DE AUDIENCIA,Poder Judicial,9968a90f-5b2c-4582-8374-e484c69ba2d7,ANCASH - NUEVO CHIMBOTE,11-11-2024,ANCASH,NUEVO CHIMBOTE
https://aplicativo.pj.gob.pe/psep/wfrmConvocatoriasV.aspx?TCon=C,1,D.Leg 1057 - Determinado (Necesidad Transitoria)-041,2972.0,30/10/2024,13/11/2024,"¿ EXPERIENCIA GENERAL: DOS (02) AÑOS DE PRESTACIÓN DE SERVICIOS,
CONTADOS A PARTIR DE LA COLEGIATURA PARA EL EJERCICIO DE LA PROFESIÓN, EN EL
SECTOR PÚBLICO Y/O PRIVADO.
¿ EXPERIENCIA ESPECÍFICA: UN (01) AÑO EN LABORES SIMILARES O
EQUIVALENTES AL CARGO QUE POSTULA EN LA ESPECIALIDAD PENAL, EN EL SECTOR
PÚBLICO, CONFORME A LAS FUNCIONES ESTABLECIDAS EN LAS NORMAS,
RESOLUCIONES ADMINISTRATIVAS Y DIRECTIVAS.",TÍTULO PROFESIONAL DE ABOGADO. COLEGIATURA Y HABILITACIÓN PROFESIONAL VIGENTE AL MOMENTO DE LA POSTULACIÓN.,"DIPLOMADOS, ESPECIALIZACIÓN O CURSOS DE ESPECIALIZACIÓN EN: ¿ NUEVO CÓDIGO PROCESAL PENAL. (OBLIGATORIO) ¿ DERECHO PENAL O PROCESAL PENAL. (DESEABLE) ¿ DERECHO CONSTITUCIONAL. (DESEABLE) ¿ CURSO DE OFIMÁTICA. (DESEABLE) (ACREDITABLE)",¿ CONOCIMIENTO EN MATERIA RELACIONADA CON EL ÁMBITO DE SU COMPETENCIA. ¿ CONOCIMIENTOS EN REDACCIÓN Y ARGUMENTACIÓN JURÍDICA.,¿ ADAPTABILIDAD. ¿ ANÁLISIS. ¿ REDACCIÓN. ¿ COMPRENSIÓN LECTORA. ¿ EMPATÍA Y AUTOCONTROL,ESPECIALISTA JUDICIAL DE JUZGADO,Poder Judicial,92f9848b-0a52-4ac4-8285-2b529feb5d9f,ANCASH - NUEVO CHIMBOTE,11-11-2024,ANCASH,NUEVO CHIMBOTE
https://convocatoria.minjus.gob.pe/convocatoria/public/index.xhtml,1,D.Leg 1057 - Determinado (Necesidad Transitoria)-931,7114.19,30/10/2024,13/11/2024,"•	EXPERIENCIA LABORAL GENERAL MÍNIMA DE TRES (03) AÑOS, EN EL SECTOR PÚBLICO Y/O PRIVADO •	EXPERIENCIA ESPECÍFICA MÍNIMA DE DOS (02) AÑOS, EN EL EJERCICIO DE LA FUNCIÓN CONCILIADORA, EN EL SECTOR PÚBLICO Y/O PRIVADO (ACREDITAR CON CONSTANCIA, CERTIFICADO Y/O DOCUMENTO ANÁLOGO)","•	TÍTULO PROFESIONAL EN DERECHO, COLEGIADO Y HABILITACIÓN VIGENTE","•	CURSO DE FORMACIÓN Y CAPACITACIÓN DE CONCILIACIÓN EXTRAJUDICIAL, CON ACREDITACIÓN DEL MINISTERIO DE JUSTICIA Y DERECHOS HUMANOS•	CURSO DE FORMACIÓN Y CAPACITACIÓN DE CONCILIACIÓN EXTRAJUDICIAL ESPECIALIZADO EN FAMILIA, CON ACREDITACIÓN DEL MINISTERIO DE JUSTICIA Y DERECHOS HUMANOS.","•	CONOCIMIENTOS TÉCNICOS (*): CONOCIMIENTOS EN CONCILIACIÓN EXTRAJUDICIAL BÁSICO Y ESPECIALIZADO EN FAMILIA.  •	CONOCIMIENTOS DE OFIMÁTICA (*): PROCESADOR DE TEXTOS (WORD, OPEN OFFICE WRITE, ETC.), HOJA DE CÁLCULO (EXCEL, OPENCALC, ETC.) PROGRAMA DE PRESENTACIONES (POWER POINT, PREZI, ETC.),  TODOS CON NIVEL DE DOMINIO BÁSICO",•	COMPROMISO  •	RESPONSABILIDAD  •	VOCACIÓN DE SERVICIO  •	ADAPTABILIDAD – FLEXIBILIDAD  •	COMUNICACIÓN •	ORIENTACIÓN A RESULTADOS  •	RESOLUCIÓN DE CONFLICTOS  •	PROACTIVIDAD  •	PENSAMIENTO ANALÍTICO  •	CONCIENCIA SOCIAL,CONCILIADOR EXTRAJUDICIAL PARA LA DIRECCION DE CONCILIACION EXTRAJUDICIAL Y MECANISMOS ALTERNATIVOS DE SOLUCION DE CONFLICTOS DE LA DIRECCION GENERAL DE DEFENSA PUBLICA Y ACCESO A LA JUSTICIA (ANCASH),Ministerio De Justicia Y Derechos Humanos,a566099b-2b57-4278-8197-2f554930f5b5,ANCASH - YUNGAY,11-11-2024,ANCASH,YUNGAY
https://aplicativo.pj.gob.pe/psep/wfrmConvocatoriasV.aspx?TCon=C,1,D.Leg 1057 - Determinado (Suplencia)-040,2772.0,30/10/2024,13/11/2024,"¿ EXPERIENCIA ESPECÍFICA: DOS (02) AÑOS DE PRESTACIÓN DE SERVICIOS EN
EL SECTOR PÚBLICO Y/O PRIVADO.
¿ EXPERIENCIA ESPECÍFICA: UN (01) AÑO EN LABORES SIMILARES O
EQUIVALENTES AL CARGO QUE POSTULA, DE PREFERENCIA EN LABORES DE
INFORMÁTICA, EN EL SECTOR PÚBLICO.","¿ OBLIGATORIO: TÍTULO PROFESIONAL TÉCNICO (CARRERA TÉCNICA MÍNIMA DE 3 AÑOS) EN COMPUTACIÓN E INFORMÁTICA O ESTUDIOS UNIVERSITARIOS EN INGENIERÍA DE SISTEMAS, INGENIERÍA INFORMÁTICA E INGENIERÍA DE COMPUTACIÓN (8VO CICLO - CULMINADO), DEBIDAMENTE ACREDITADO CONFORME A LO ESTABLECIDO EN LAS BASES DEL CONCURSO.","¿ DIPLOMADOS, ESPECIALIZACIÓN O CURSOS DE ESPECIALIZACIÓN EN: ¿ MANEJO DE EQUIPOS DE AUDIO Y/O VIDEO (DESEABLE - ACREDITABLE) ¿ DISEÑO Y PROGRAMACIÓN DE APLICACIONES WEB Y DE ESCRITORIO, DE PREFERENCIA EN ADMINISTRACIÓN, DESARROLLO Y TECNOLOGÍAS DE SITIOS WEB; O DE SEGURIDAD INFORMÁTICA; O EN SOPORTE Y MANTENIMIENTO DE REDES, SWICHES, ACCESS POINT; O EN SOPORTE TÉCNICO Y/O MANTENIMIENTO DE COMPUTADORAS (DESEABLE - ACREDITABLE) ¿ CURSO DE OFIMÁTICA (DESEABLE) (ACREDITABLE) PARA EL CÓMPUTO Y/O CALIFICACIÓN DE LOS DIPLOMADOS, ESPECIALIZACIÓN O CURSOS DE ESPECIALIZACIÓN SE TENDRÁ EN CUENTA LO ESTABLECIDO EN LAS BASES DEL PRESENTE PROCESO. (COMO MÍNIMO 90 HORAS LECTIVAS ACUMULADAS A MÁS)",¿ CONOCIMIENTO EN MATERIA RELACIONADA CON EL ÁMBITO DE SU COMPETENCIA. ¿ CONOCIMIENTO DE CABLEADO ESTRUCTURADO BÁSICO Y MANEJO DE EQUIPOS (AUDIO Y/O VIDEO) PARA AUDIENCIAS Y VIDEOCONFERENCIAS. ¿ CONOCIMIENTO Y MANEJO DE OFIMÁTICA A NIVEL DE USUARIO.,¿ ANÁLISIS ¿ AUTOCONTROL. ¿ COOPERACIÓN. ¿ COMPROBACIÓN DE OBJETOS. ¿ PLANIFICACIÓN.,ASISTENTE DE INFORMÁTICA,Poder Judicial,befb2cbe-6097-4d8f-8ee0-12e5f9364a9d,ANCASH - CHIMBOTE,11-11-2024,ANCASH,CHIMBOTE
https://www.facebook.com/ugelpallasca.sitioficial,1,276-003,1167.03,30/10/2024,13/11/2024,EXPERIENCIA GENERAL 1 AÑO,SECUNDARIA COMPLETA,MANTENIMIENTO,TRABAJO EN EQUIPO,TRABAJO EN EQUIPO,TRABAJADOR DE SERVICIO,Ugel - Pallasca,9f20753a-dd63-417c-909c-23c2d8ee6641,ANCASH - TAUCA,11-11-2024,ANCASH,TAUCA
https://HTTPS://APP.QALIWARMA.GOB.PE/WEBSITE/,1,D.Leg 1057 - Determinado (Necesidad Transitoria)-223,2500.0,11/11/2024,22/11/2024,"EXPERIENCIA GENERAL: EXPERIENCIA LABORAL MÍNIMA DE DOS (02) AÑOS EN EL SECTOR PÚBLICO Y/O PRIVADO. EXPERIENCIA ESPECÍFICA: EXPERIENCIA LABORAL MÍNIMA DE UN (01) AÑO EN PROGRAMAS Y/O PROYECTOS SOCIALES DE ALIMENTACIÓN O EDUCACIÓN O SALUD, Y/O EN SUPERVISIÓN DE PLANTAS DE PROCESAMIENTO DE ALIMENTOS Y/O EN ACTIVIDADES DE CONTROL DE CALIDAD O PRODUCCIÓN DE ALIMENTOS, EN EL SECTOR PÚBLICO Y/O PRIVADO.","GRADO ACADÉMICO DE BACHILLER O TITULO TÉCNICO EN: EDUCACIÓN, NUTRICIÓN, ENFERMERÍA, MEDICINA HUMANA, TRABAJO SOCIAL, SOCIOLOGÍA, ANTROPOLOGÍA, BIOLOGÍA, GASTRONOMÍA, INGENIERÍA ALIMENTARIA, INGENIERÍA EN INDUSTRIAS ALIMENTARIAS, INGENIERÍA DE ALIMENTOS, INGENIERÍA PESQUERA, INGENIERÍA INDUSTRIAL, INGENIERÍA AGROINDUSTRIAL, INGENIERÍA QUÍMICA, INGENIERÍA AMBIENTAL, INGENIERÍA AGRÓNOMA, INGENIERÍA ZOOTECNISTA O AFINES.",CURSO O TALLER EN BUENAS PRÁCTICAS DE MANIPULACIÓN DE ALIMENTOS (BPM) Y/O BUENAS PRÁCTICAS DE HIGIENE Y/O O AFINES (MÍNIMO DE 8 HORAS).,"CONOCIMIENTO EN LEGISLACIÓN ALIMENTARIA O NORMATIVA SANITARIA. CONOCIMIENTO DE OFIMÁTICA A NIVEL BÁSICO. CONOCIMIENTO EN PROMOCIÓN SOCIAL. DE PREFERENCIA RESIDIR EN LA PROVINCIA A LA CUAL POSTULA. DE PREFERENCIA DOMINIO DE ALGÚN IDIOMA O DIALECTO DE LA ZONA DE INTERVENCIÓN (QUECHUA, AYMARA, O DE LA ZONA RESPECTIVA).","COMPETENCIAS GENÉRICAS: VOCACIÓN DE SERVICIO, SENTIDO DE URGENCIA, INTEGRIDAD Y COMPORTAMIENTO ÉTICO. COMPETENCIAS ESPECÍFICAS: ORIENTACIÓN A LA CALIDAD, PENSAMIENTO ANALÍTICO, COMUNICACIÓN EFECTIVA, TRABAJO EN EQUIPO.",MONITOR DE GESTIÓN LOCAL,Programa Nacional De Alimentación Escolar Qali Warma,df649956-f406-4fc6-8152-23ecfa9b7d6a,ANCASH,11-11-2024,ANCASH,
https://HTTPS://APP.QALIWARMA.GOB.PE/WEBSITE/,1,D.Leg 1057 - Determinado (Necesidad Transitoria)-224,2500.0,11/11/2024,22/11/2024,"EXPERIENCIA GENERAL: EXPERIENCIA LABORAL MÍNIMA DE DOS (02) AÑOS EN EL SECTOR PÚBLICO Y/O PRIVADO. EXPERIENCIA ESPECÍFICA: EXPERIENCIA LABORAL MÍNIMA DE UN (01) AÑO EN PROGRAMAS Y/O PROYECTOS SOCIALES DE ALIMENTACIÓN O EDUCACIÓN O SALUD, Y/O EN SUPERVISIÓN DE PLANTAS DE PROCESAMIENTO DE ALIMENTOS Y/O EN ACTIVIDADES DE CONTROL DE CALIDAD O PRODUCCIÓN DE ALIMENTOS, EN EL SECTOR PÚBLICO Y/O PRIVADO.","GRADO ACADÉMICO DE BACHILLER O TITULO TÉCNICO EN: EDUCACIÓN, NUTRICIÓN, ENFERMERÍA, MEDICINA HUMANA, TRABAJO SOCIAL, SOCIOLOGÍA, ANTROPOLOGÍA, BIOLOGÍA, GASTRONOMÍA, INGENIERÍA ALIMENTARIA, INGENIERÍA EN INDUSTRIAS ALIMENTARIAS, INGENIERÍA DE ALIMENTOS, INGENIERÍA PESQUERA, INGENIERÍA INDUSTRIAL, INGENIERÍA AGROINDUSTRIAL, INGENIERÍA QUÍMICA, INGENIERÍA AMBIENTAL, INGENIERÍA AGRÓNOMA, INGENIERÍA ZOOTECNISTA O AFINES.",CURSO O TALLER EN BUENAS PRÁCTICAS DE MANIPULACIÓN DE ALIMENTOS (BPM) Y/O BUENAS PRÁCTICAS DE HIGIENE Y/O O AFINES (MÍNIMO DE 8 HORAS).,"CONOCIMIENTO EN LEGISLACIÓN ALIMENTARIA O NORMATIVA SANITARIA. CONOCIMIENTO DE OFIMÁTICA A NIVEL BÁSICO. CONOCIMIENTO EN PROMOCIÓN SOCIAL. DE PREFERENCIA RESIDIR EN LA PROVINCIA A LA CUAL POSTULA. DE PREFERENCIA DOMINIO DE ALGÚN IDIOMA O DIALECTO DE LA ZONA DE INTERVENCIÓN (QUECHUA, AYMARA, O DE LA ZONA RESPECTIVA).","COMPETENCIAS GENÉRICAS: VOCACIÓN DE SERVICIO, SENTIDO DE URGENCIA, INTEGRIDAD Y COMPORTAMIENTO ÉTICO. COMPETENCIAS ESPECÍFICAS: ORIENTACIÓN A LA CALIDAD, PENSAMIENTO ANALÍTICO, COMUNICACIÓN EFECTIVA, TRABAJO EN EQUIPO.",MONITOR DE GESTIÓN LOCAL,Programa Nacional De Alimentación Escolar Qali Warma,fa89e9db-b7c0-4c33-93e3-632f919947f2,ANCASH,11-11-2024,ANCASH,
https://www.defensoria.gob.pe/convocatorias/convocatorias-cas.php,1,D.Leg 1057 - Determinado (Necesidad Transitoria)-178,2800.0,11/11/2024,22/11/2024,"EXPERIENCIA LABORAL GENERAL
INDIQUE EL TIEMPO TOTAL DE EXPERIENCIA LABORAL, YA SEA EN EL SECTOR PÚBLICO O PRIVADO:
UN (01) AÑOS
EXPERIENCIA LABORAL ESPECIFICA
A) INDIQUE EL TIEMPO DE EXPERIENCIA REQUERIDA EN LA FUNCIÓN O LA MATERIA:
SEIS (06) MESES
B) INDIQUE EL TIEMPO DE EXPERIENCIA ESPECÍFICA REQUERIDA EN EL PUESTO O CARGO (PRECISANDO ESTE):
NO APLICA
C) INDIQUE EL TIEMPO DE EXPERIENCIA ESPECÍFICA REQUERIDA EN EL SECTOR PÚBLICO:
NO APLICA",SECUNDARIA COMPLETA - CERTIFICADO OFICIAL DE ESTUDIOS.,CURSO EN: ADMINISTRACIÓN DOCUMENTARIA O ARCHIVO EN GESTIÓN PÚBLICA O TÉCNICAS DE GESTIÓN SECRETARIAL O GESTIÓN DOCUMENTAL O SISTEMA INTEGRADO DE GESTIÓN ADMINISTRATIVA O MECÁNICA BÁSICA O MECÁNICA AUTOMOTRIZ O NORMAS DE TRÁNSITO O GESTIÓN PÚBLICA (MÍNIMO 6 HORAS ACUMULABLES).,"CONOCIMIENTOS TÉCNICOS PRINCIPALES REQUERIDOS PARA EL PUESTO (NO REQUIERE DOCUMENTACIÓN SUSTENTATORIA): EN SISTEMAS ADMINISTRATIVOS. EN ATENCIÓN AL USUARIO Y ACERVO DOCUMENTARIO MECÁNICA BÁSICA, MECÁNICA AUTOMOTRIZ, NORMAS DE TRÁNSITO Y SEGURIDAD VIAL.","ORGANIZACIÓN, ANÁLISIS, ORIENTACIÓN A RESULTADOS Y COMUNICACIÓN EFECTIVA.",AUXILIAR ADMINISTRATIVO,Defensoria Del Pueblo,9d723c08-4bc3-43e2-b1d1-c2d64d654ad7,ANCASH,11-11-2024,ANCASH,
https://HTTPS://APP.QALIWARMA.GOB.PE/WEBSITE/,1,D.Leg 1057 - Determinado (Necesidad Transitoria)-222,2500.0,11/11/2024,22/11/2024,"EXPERIENCIA GENERAL: EXPERIENCIA LABORAL MÍNIMA DE DOS (02) AÑOS EN EL SECTOR PÚBLICO Y/O PRIVADO. EXPERIENCIA ESPECÍFICA: EXPERIENCIA LABORAL MÍNIMA DE UN (01) AÑO EN PROGRAMAS Y/O PROYECTOS SOCIALES DE ALIMENTACIÓN O EDUCACIÓN O SALUD, Y/O EN SUPERVISIÓN DE PLANTAS DE PROCESAMIENTO DE ALIMENTOS Y/O EN ACTIVIDADES DE CONTROL DE CALIDAD O PRODUCCIÓN DE ALIMENTOS, EN EL SECTOR PÚBLICO Y/O PRIVADO.","GRADO ACADÉMICO DE BACHILLER O TITULO TÉCNICO EN: EDUCACIÓN, NUTRICIÓN, ENFERMERÍA, MEDICINA HUMANA, TRABAJO SOCIAL, SOCIOLOGÍA, ANTROPOLOGÍA, BIOLOGÍA, GASTRONOMÍA, INGENIERÍA ALIMENTARIA, INGENIERÍA EN INDUSTRIAS ALIMENTARIAS, INGENIERÍA DE ALIMENTOS, INGENIERÍA PESQUERA, INGENIERÍA INDUSTRIAL, INGENIERÍA AGROINDUSTRIAL, INGENIERÍA QUÍMICA, INGENIERÍA AMBIENTAL, INGENIERÍA AGRÓNOMA, INGENIERÍA ZOOTECNISTA O AFINES.",CURSO O TALLER EN BUENAS PRÁCTICAS DE MANIPULACIÓN DE ALIMENTOS (BPM) Y/O BUENAS PRÁCTICAS DE HIGIENE Y/O O AFINES (MÍNIMO DE 8 HORAS).,"CONOCIMIENTO EN LEGISLACIÓN ALIMENTARIA O NORMATIVA SANITARIA. CONOCIMIENTO DE OFIMÁTICA A NIVEL BÁSICO. CONOCIMIENTO EN PROMOCIÓN SOCIAL. DE PREFERENCIA RESIDIR EN LA PROVINCIA A LA CUAL POSTULA. DE PREFERENCIA DOMINIO DE ALGÚN IDIOMA O DIALECTO DE LA ZONA DE INTERVENCIÓN (QUECHUA, AYMARA, O DE LA ZONA RESPECTIVA).","COMPETENCIAS GENÉRICAS: VOCACIÓN DE SERVICIO, SENTIDO DE URGENCIA, INTEGRIDAD Y COMPORTAMIENTO ÉTICO. COMPETENCIAS ESPECÍFICAS: ORIENTACIÓN A LA CALIDAD, PENSAMIENTO ANALÍTICO, COMUNICACIÓN EFECTIVA, TRABAJO EN EQUIPO.",MONITOR DE GESTIÓN LOCAL,Programa Nacional De Alimentación Escolar Qali Warma,30b7f2b8-ba58-4011-a0f2-2ecbd3697c5f,ANCASH,11-11-2024,ANCASH,
https://aplicativo.pj.gob.pe/psep/,1,D.Leg 1057 - Determinado (Suplencia)-056,3850.0,08/11/2024,21/11/2024,"EXPERIENCIA PROFESIONAL GENERAL NO MENOR DE DOS (02) AÑOS EN EL SECTOR PÚBLICO O PRIVADO (ACREDITADO), EXPERIENCIA PROFESIONAL ESPECIFICA NO MENOR DE DOS (02) AÑO EN LABORES SIMILARES EN EL SECTOR PÚBLICO (ACREDITADO).","TÍTULO PROFESIONAL DE ABOGADO(A), CON COLEGIATURA Y HABILITACIÓN VIGENTE (ACREDITADO)","DIPLOMADOS Y/O CURSOS EN TEMAS RELACIONADOS EN VIOLENCIA CONTRA LAS MUJERES E INTEGRANTES DEL GRUPO FAMILIAR Y VIOLENCIA DE GENERO, CURSO DE OFIMÁTICA (ACREDITADO)","CONOCIMIENTO Y MANEJO DE OFIMÁTICA, ¿	CONOCIMIENTO EN TEMAS DE LA PROBLEMÁTICA DE LA VIOLENCIA CONTRA LAS MUJERES É INTEGRANTES DEL GRUPO FAMILIAR Y VIOLENCIA DE GÉNERO.",¿	COMUNICACIÓN ASERTIVA ¿	 EMPATÍA ¿	TOLERANCIA PARA TRABAJAR BAJA PRESIÓN ¿	COOPERACIÓN ¿	RAZONAMIENTO LÓGICO.,ESPECIALISTA JUDICIAL DE JUZGADO,Poder Judicial,2ec10511-308d-40b8-840d-edd6298c7bb8,ANCASH,11-11-2024,ANCASH,
https://aplicativo.pj.gob.pe/psep/,1,D.Leg 1057 - Determinado (Necesidad Transitoria)-057,2972.0,08/11/2024,21/11/2024,"EXPERIENCIA NO MENOR DE 02 AÑOS EN LABORES SIMILARES, DE LOS CUALES 01 DE ELLOS DEBE SER EN INSTITUCIONES PÚBLICAS.",TÍTULO PROFESIONAL UNIVERSITARIO EN ADMINISTRACIÓN U OTRAS CARRERAS AFINES,"CURSOS Y/O CAPACITACIONES ADMINISTRATION, TRAMITES ADMINSITRATIVOS, NOTIFICACIONES, CURSO DE OFIMÁTICA (ACREDITADO)","CONOCIMIENTO Y MANEJO DE OFIMÁTICA, CONOCIMIENTO EN ADMINISTRATION, TRAMITES ADMINSITRATIVOS, NOTIFICACIONES.",¿	COMUNICACIÓN ASERTIVA ¿	 EMPATÍA ¿	TOLERANCIA PARA TRABAJAR BAJA PRESIÓN ¿	COOPERACIÓN ¿	RAZONAMIENTO LÓGICO.,ASISTENTE ADMINISTRATIVO II,Poder Judicial,8ff0a8ab-4dfd-45d1-9cae-d89d2274183e,ANCASH,11-11-2024,ANCASH,
https://convocatorias.cofopri.gob.pe,1,D.Leg 1057 - Determinado (Suplencia)-323,3500.0,08/11/2024,21/11/2024,"•	EXPERIENCIA GENERAL: MÍNIMA DE UN (01) AÑO DE EXPERIENCIA LABORAL EN EL SECTOR PÚBLICO Y/O PRIVADO.
•	EXPERIENCIA ESPECÍFICA: MÍNIMA DE SEIS (06) MESES EN LAS ACTIVIDADES RELACIONADAS AL PUESTO.",ABOGADO,•	DERECHO REGISTRAL.,•	MANEJO DE SISTEMAS INFORMÁTICOS A NIVEL USUARIO.,¿	PROACTIVIDAD. ¿	ALTO SENTIDO DE RESPONSABILIDAD. ¿	MANEJO DE RELACIONES INTERPERSONALES. ¿	CAPACIDAD PARA TRABAJAR EN EQUIPO Y BAJO PRESIÓN. ¿	NO TENER IMPEDIMENTO O INCOMPATIBILIDAD PARA LABORAR AL SERVICIO DEL ESTADO.,ABOGADO SUNARP,Organismo De Formalizacion De La Propiedad Informal - Cofopri,e6ad6209-e368-442c-8f8b-f6c470f338ac,ANCASH,11-11-2024,ANCASH,
https://www.sernanp.gob.pe/convocatorias/,1,D.Leg 1057 - Determinado (Necesidad Transitoria)-11,7000.0,07/11/2024,20/11/2024,"-	EXPERIENCIA GENERAL CINCO (05) AÑOS EN EL SECTOR PÚBLICO Y/O PRIVADO. 
-	EXPERIENCIA LABORAL DE TRES (03) AÑOS VINCULADOS AL ASESORAMIENTO EN PROCEDIMIENTOS ADMINISTRATIVOS SANCIONADORES Y/O DEFENSA JUDICIAL Y/O GESTIÓN AMBIENTAL Y/O MANEJO DE RECURSOS Y/O TURISMO EN ÁREAS NATURALES PROTEGIDAS Y/O AFINES, DE LOS CUALES DOS (02) AÑOS DEBEN SER EN EL SECTOR PÚBLICO (MÍNIMO COMO ANALISTA).","-	TÍTULO UNIVERSITARIO EN DERECHO, COLEGIADO Y HABILITADO.",-	DIPLOMADO O ESPECIALIZACIÓN EN DERECHO ADMINISTRATIVO Y/O AMBIENTAL Y/O PENAL Y/O AFINES (MÍNIMO 90 HORAS ACADÉMICAS) -	CURSO GESTIÓN PÚBLICA Y/O ADMINISTRATIVO Y/O PROCESAL Y/O  AMBIENTAL  Y/O MANEJO DE RECURSOS Y/O AFINES. (MÍNIMO 24 HORAS ACADÉMICAS),"-	LEY N° 26834 - LEY DE ÁREAS NATURALES PROTEGIDAS -	LEY N° 27444 - LEY DEL PROCEDIMIENTO ADMINISTRATIVO GENERAL -	LEY N° 29158 - LEY ORGÁNICA DEL PODER EJECUTIVO  -	SISTEMA DE DEFENSA JURÍDICA DEL ESTADO   -	OFIMÁTICA: WORD, EXCEL, POWER  POINT U OTROS","-	CAPACIDAD DE ORGANIZACIÓN.  -	CAPACIDAD DE TRABAJAR BAJO PRESIÓN, EN EQUIPO Y POR RESULTADOS.  -	COMUNICACIÓN ASERTIVA Y TRABAJO EN EQUIPO. -	CAPACIDAD ANALÍTICA Y DE SÍNTESIS. -	PROACTIVIDAD E INICIATIVA.",ESPECIALISTA LEGAL ANP,Servicio Nacional De Areas Naturales Protegidas Por El Estado - Sernanp,d7394562-16ad-4359-b551-5a52e704f3fa,ANCASH,11-11-2024,ANCASH,
https://aplicativo.pj.gob.pe/psep/wfrmConvocatoriasV.aspx?TCon=C,1,D.Leg 1057 - Determinado (Suplencia)-042,4750.0,07/11/2024,20/11/2024,"¿ EXPERIENCIA GENERAL DE DOS (02) AÑOS DE PRESTACIÓN DE SERVICIO,
CONTADOS A PARTIR DE LA COLEGIATURA PARA EL EJERCICIO DE LA PROFESIÓN,
EN EL SECTOR PÚBLICO Y/O PRIVADO.
¿ EXPERIENCIA ESPECIFICA DE UN (01) AÑO EN LABORES SIMILARES O
EQUIVALENTES AL CARGO QUE POSTULA, EN EL SECTOR PÚBLICO, CONFORME A
LAS FUNCIONES ESTABLECIDAS EN LAS NORMAS, REGLAMENTOS Y DIRECTIVAS
DEL PUESTO.
HABILIDADES","TÍTULO PROFESIONAL DE ABOGADO, COLEGIATURA Y HABILITACIÓN PROFESIONAL VIGENTE AL MOMENTO DE LA POSTULACIÓN.","DIPLOMADOS, ESPECIALIZACIÓN O CURSOS DE ESPECIALIZACIÓN EN: ¿ NUEVO CÓDIGO PROCESAL PENAL. (OBLIGATORIO) ¿ DERECHO PENAL O PROCESAL PENAL. (DESEABLE) ¿ DERECHO CONSTITUCIONAL. (DESEABLE) ¿ CURSO DE OFIMÁTICA (DESEABLE) (ACREDITABLE)",¿ CONOCIMIENTOS EN REDACCIÓN Y ARGUMENTACIÓN JURÍDICA. ¿ CONOCIMIENTO EN MATERIAS RELACIONADA CON EL ÁMBITO DE SU COMPETENCIA.,¿ ADAPTABILIDAD. ¿ ANÁLISIS. ¿ REDACCIÓN. ¿ COMPRENSIÓN LECTORA. ¿ EMPATÍA. ¿ AUTOCONTROL.,ESPECIALISTA LEGAL DE AUDIENCIA,Poder Judicial,ebaef75d-e3a5-4b1d-89d8-f6ccf6cf0bbd,ANCASH,11-11-2024,ANCASH,
https://www.ugelbolognesi.pe,1,276-1,970.0,07/11/2024,20/11/2024,"EXPERIENCIA LABORAL GENERAL MÍNIMA DE 1 AÑO PUBLICO Y/O PRIVADO 
EXPERIENCIA LABORAL ESPECIFICA DE 1 AÑO EN EL SECTOR PUBLICO Y/O PRIVADO",EDUCACIÓN SECUNDARIA COMPLETA,"EN MATERIAS RELACIONADAS CON EL CARGO REALIZADAS EN LOS ÚLTIMOS CINCO (05) AÑOS, CON UNA DURACIÓN MÍNIMA DE 24 HORAS.","EN CARPITERIA, GASFITERIA, ELECTRICIDAD, ETC.","TRABAJO EN EQUIPO, CAPACIDAD DE ADAPTACIÓN, PROACTIVIDAD, COMUNICACIÓN.",TRABAJADOR DE SERVICIO,Unidad De Gestion Educativa Local De Bolognesi,9c686861-7e28-42f3-9717-50e08b98a5f4,ANCASH,11-11-2024,ANCASH,
https://www.dreancash.gob.pe/convocatorias,1,D.Leg 1057 - Determinado (Necesidad Transitoria)-21,3000.0,07/11/2024,20/11/2024,"EXPERIENCIA LABORAL GENERAL EN EL SECTOR PUBLICO Y/O PRIVADO NO MENOR A CINCO AÑOS, ESPECIFICA TRES AÑOS SOLO SECTOR EDUCACIÓN, 09 MESES DE EXPERIENCIA COMO ESPECIALISTA EN LA MODALIDAD DE EDUCACIÓN BASICA ESPECIAL EN EL SECTOR PUBLICO",TITULO Y/O LICENCIATURA EN LA CARRERA DE PROFESOR O DOCENTE O LICENCIADO EN EDUCACIÓN O PSICOLOGIA,"GESTION EDUCATIVA, EDUCACION INCLUSIVA, EDUCACION BASICA ESPECIAL","GESTION EDUCATIVA, EDUCACION INCLUSIVA, EDUCACION BASICA ESPECIAL","COMUNICACIÓN, PLANEAMIENTO, PENSAMIENTO CRITICO, TRABAJO EN EQUIPO",ESPECIALISTA EN MONITOREO Y ARTICULACIÓN TERRITORIAL,Direccion Regional De Educacion-Huaraz,f31c1e20-3b3a-4e61-8566-ea85e437f90c,ANCASH - HUARAZ,11-11-2024,ANCASH,HUARAZ
https://aplicativosweb2.sunafil.gob.pe/si.convocatoria/convocatoria,1,D.Leg 1057 - Determinado (Suplencia)-262,4000.0,06/11/2024,19/11/2024,"- EXPERIENCIA GENERAL MÍNIMA DE DOS (02) AÑOS EN EL
SECTOR PÚBLICO O PRIVADO.
- EXPERIENCIA ESPECÍFICA MÍNIMA DE UN (01) AÑO EN EL
SECTOR PÚBLICO OCUPANDO PUESTOS DE ANALISTA LEGAL,
ASISTENTE LEGAL, O TÉCNICO LEGAL, O EN PUESTOS
EQUIVALENTES, EN PROYECCIÓN DE RESOLUCIONES, AUTOS,
DECRETOS Y/O INFORMES LEGALES EN MATERIA DE
PROCEDIMIENTOS ADMINISTRATIVOS, DE PREFERENCIA EN
PROCEDIMIENTO ADMINISTRATIVO SANCIONADOR.","- TÍTULO PROFESIONAL DE ABOGADO/A, COLEGIADO/A Y HABILITADO/A.","- DIPLOMADO Y/O PROGRAMA DE ESPECIALIZACIÓN EN DERECHO LABORAL, DERECHO ADMINISTRATIVO, PROCEDIMIENTO ADMINISTRATIVO SANCIONADOR, O GESTIÓN PÚBLICA.","CONOCIMIENTOS TÉCNICOS: (ENTREVISTA PERSONAL) - LEGISLACIÓN LABORAL, DERECHO ADMINISTRATIVO, PROCEDIMIENTO SANCIONADOR, SEGURIDAD Y SALUD EN EL TRABAJO. - SISTEMA DE INSPECCIÓN DEL TRABAJO. CONOCIMIENTO DE OFIMÁTICA: - WORD, EXCEL Y POWER POINT EN EL NIVEL INTERMEDIO.",- ORGANIZACIÓN DE LA INFORMACIÓN. - ANÁLISIS. - REDACCIÓN. - INICIATIVA. - COOPERACIÓN.,ESPECIALISTA LEGAL II - ANCASH,Superintendencia Nacional De Fiscalizacion Laboral - Sunafil,db025bf8-fe8f-4e3e-b970-338e78ba8d08,ANCASH - CHIMBOTE,11-11-2024,ANCASH,CHIMBOTE
https://www.ugelcasma.gob.pe/,1,276-003,971.5,06/11/2024,19/11/2024,NO APLICA,SECUNDARIA COMPLETA,NO APLICA,NO APLICA,NO APLICA,TRABAJADOR DE SERVICIO,Unidad De Gestion Educativa Casma,edb8f4d8-fffa-4ee8-b070-7002128e31d1,ANCASH - CASMA,11-11-2024,ANCASH,CASMA
https://http://www.sutran.gob.pe/cuadro-convocatorias-cas.html,3,D.Leg 1057 - Determinado (Necesidad Transitoria)-257,3000.0,05/11/2024,18/11/2024,"•	EXPERIENCIA LABORAL GENERAL DE DOS (2) AÑOS EN EL SECTOR PÚBLICO Y/O PRIVADO.
•	EXPERIENCIA LABORAL ESPECÍFICA DE UN (1) AÑO EN EL PUESTO MÍNIMO DE AUXILIAR Y/O ASISTENTE Y/O PUESTOS SIMILARES DEL MISMO NIVEL, EN EL SECTOR PÚBLICO Y/O PRIVADO.","•	GRADO DE BACHILLER UNIVERSITARIO EN LA CARRERA DE ECONOMÍA, ADMINISTRACIÓN, DERECHO, INGENIERÍA MECÁNICA, INGENIERÍA CIVIL, INGENIERÍA DE TRANSPORTE O INGENIERÍA INDUSTRIAL.",•	CURSO EN MATERIA DE NORMATIVA DE TRANSPORTE TERRESTRE Y TRÁNSITO Y/O REGULACIÓN DEL SECTOR DE TRANSPORTE TERRESTRE Y/O LEGISLACIÓN DE TRÁNSITO Y TRANSPORTE TERRESTRE Y/O MARCO REGULATORIO DEL TRANSPORTE Y SEGURIDAD VIAL.,"•	REGLAMENTO NACIONAL DE ADMINISTRACIÓN DE TRANSPORTE, REGLAMENTO NACIONAL DE TRÁNSITO Y CÓDIGO DE ÉTICA. •	OFIMÁTICA NIVEL BÁSICO.","•	ORIENTACIÓN AL RESULTADO, TRABAJO EN EQUIPO, RESOLUCIÓN DE CONFLICTOS, ORIENTACIÓN AL DETALLE.",INSPECTOR/A UD ANCASH,"Superintendencia De Transporte Terrestre De Personas, Carga Y Mercancias - Sutran",6e339dab-d9bc-4fb1-8c31-0edd20170cbd,ANCASH - INDEPENDENCIA,11-11-2024,ANCASH,INDEPENDENCIA
https://http://extranet.cunamas.gob.pe/jobs,1,D.Leg 1057 - Determinado (Necesidad Transitoria)-1241,3014.19,04/11/2024,15/11/2024,"•	EXPERIENCIA LABORAL GENERAL DE 01 AÑO.
•	EXPERIENCIA LABORAL ESPECÍFICA DE 01 AÑO EN SERVICIOS O PROGRAMAS O PROYECTOS RELACIONADOS A EQUIPOS TÉCNICOS PARA LA GESTIÓN, ACOMPAÑAMIENTO O ATENCIÓN EN SALUD PÚBLICA O PRIMERA INFANCIA O NIÑEZ O FAMILIAS O COMUNIDAD EN EL SECTOR PÚBLICO O PRIVADO CON POBLACIONES VULNERABLES.","•	TÍTULO O BACHILLER EN EDUCACIÓN (INICIAL O PRIMARIA O SECUNDARIA) O CIENCIAS DE LA SALUD HUMANA (ENFERMERÍA, PSICOLOGÍA, OBSTETRICIA, NUTRICIÓN) O CIENCIAS SOCIALES (SOCIOLOGÍA, TRABAJO SOCIAL O ANTROPOLOGÍA) O TITULO DE ESCUELA/INSTITUTO DE EDUCACIÓN SUPERIOR PEDAGÓGICO (INICIAL O PRIMARIA O SECUNDARIA) O TÍTULOS TÉCNICOS EN CIENCIAS DE LA SALUD (ENFERMERÍA Y FARMACIA)",•	“CURSOS Y/O CAPACITACIÓN EN DESARROLLO INFANTIL TEMPRANO Y/O PRIMERA INFANCIA Y/O TRABAJO CON FAMILIAS Y/O PROYECTOS SOCIALES Y/O DESARROLLO SOCIAL Y/O DESARROLLO HUMANO U OTROS TEMAS AFINES (ÚLTIMOS 5 AÑOS)”,"•	MANEJO DE OFIMÁTICA BÁSICA (WORD, EXCEL, POWER POINT).  •	CONOCIMIENTO DE LA LENGUA ORIGINARIA SEGÚN ÁMBITO DE TRABAJO (INTERMEDIO).•	DISPONIBILIDAD PARA VIAJAR DENTRO Y FUERA DEL DEPARTAMENTO CUANDO EL SERVICIO LO AMERITE","•	COMUNICACIÓN ORAL, EMPATÍA, NEGOCIACIÓN Y PLANIFICACIÓN",ACOMPAÑANTE TÉCNICO PARA EL SERVICIO DE ACOMPAÑAMIENTO A FAMILIAS,Programa Nacional Cuna Mas,84ceb02c-0166-49ae-a377-fbfb00f7bb25,ANCASH - HUARI,11-11-2024,ANCASH,HUARI
https://aplicativo.pj.gob.pe/psep/,1,D.Leg 1057 - Determinado (Necesidad Transitoria)-055,2772.0,04/11/2024,15/11/2024,"EXPERIENCIA NO MENOR DE 03 AÑOS DE LOS CUALES 01 DE ELLOS DEBEN SER EN CARGOS SIMILARES. 
¿	PARA EL ESTUDIANTE UNIVERSITARIO DE PREFERENCIA 01 AÑO EN LABORES SIMILARES.","TÍTULO PROFESIONAL TÉCNICO (CARRERA DE 03 AÑOS) EN COMPUTACIÓN E INFORMÁTICA, O ESTUDIOS UNIVERSITARIOS (8VO. CICLO) (ACREDITADO)","CURSOS EN MANEJO DE EQUIPOS DE AUDIO Y VIDEO, CURSOS ESPECIALIZADOS EN SISTEMAS INFORMATICOS, CURSO DE OFIMÁTICA (ACREDITADO)","CONOCIMIENTO Y MANEJO DE OFIMÁTICA, CONOCIMIENTOS EN EL MANEJO DE EQUIPOS DE AUDIO Y/O VIDEO.",¿	COMUNICACIÓN ASERTIVA ¿	 EMPATÍA ¿	TOLERANCIA PARA TRABAJAR BAJA PRESIÓN ¿	COOPERACIÓN ¿	RAZONAMIENTO LÓGICO.,ASISTENTE DE INFORMATICA,Poder Judicial,7ecff729-8604-4d5b-9abc-3406278b2c86,ANCASH - HUARAZ,11-11-2024,ANCASH,HUARAZ
https://www.cenepred.gob.pe/web/oportunidades/,1,D.Leg 1057 - Determinado (Necesidad Transitoria)-108,8000.0,31/10/2024,14/11/2024,"MÍNIMA DE SEIS (6) AÑOS DE EXPERIENCIA LABORAL GENERAL EN EL SECTOR PÚBLICO
O PRIVADO.
MÍNIMA DE DOS (2) AÑOS DE EXPERIENCIA LABORAL ESPECÍFICA PARA EL PUESTO EN
EL SECTOR PÚBLICO O PRIVADO EN LA FUNCIÓN O LA MATERIA.
MÍNIMA DE TRES (3) AÑOS DE EXPERIENCIA LABORAL ESPECÍFICA PARA EL PUESTO EN
SERVICIOS VINCULADOS A LAS GESTIONES DEL RIESGO DE DESASTRES.
MÍNIMA DE DOS (2) AÑOS DE EXPERIENCIA LABORAL EN EL SECTOR PÚBLICO","TÍTULO PROFESIONAL DE LA CARRERA DE INGENIERÍA, ARQUITECTURA, ADMINISTRACIÓN Y/O CIENCIAS MILITARES.  COLEGIADO Y HABILITADO. (QUEDAN EXCEPTUADAS LAS CARRERAS PROFESIONALES QUE ESTANDO RECONOCIDAS POR EL SISTEMA EDUCATIVO NACIONAL, NO CUENTAN CON UN COLEGIO PROFESIONAL).",CURSOS Y/O DIPLOMADO Y/O PROGRAMA DE ESPECIALIZACIÓN EN GESTIÓN PÚBLICA.  CURSOS Y/O DIPLOMADO Y/O PROGRAMA DE ESPECIALIZACIÓN EN GESTIÓN DEL RIESGO DE DESASTRES. CURSOS VINCULADOS A LA PREVENCIÓN Y REDUCCIÓN DEL RIESGO DE DESASTRES,NORMATIVA NACIONAL EN GESTIÓN DEL RIESGO DE DESASTRES INSTRUMENTOS TÉCNICOS EN GESTIÓN PROSPECTIVA Y CORRECTIVA DEL RIESGO DE DESASTRES SISTEMAS DE INFORMACIÓN GEOGRÁFICA  MECANISMOS FINANCIEROS EN GESTIÓN DEL RIESGO DE DESASTRES PLANIFICACIÓN TERRITORIAL. EVALUACIÓN DEL RIESGO DE DESASTRES ORIGINADOS POR FENÓMENOS NATURALES. EVALUACIÓN DEL RIESGO ORIGINADOS POR FENÓMENOS NATURALES  OFIMÁTICA (WORD Y EXCEL NIVEL BÁSICO Y POWER POINT NIVEL INTERMEDIO,"ANÁLISIS, PLANIFICACIÓN, ORGANIZACIÓN DE INFORMACIÓN Y REDACCIÓN.",COORDINADOR DE ENLACE REGIONAL EN ANCASH,"Centro Nacional De Estimacion, Prevencion Y Reduccion Del Riesgo De Desastres (Cenepred)",6e8ea0b0-dbad-4892-9a40-acc30f42b8aa,ANCASH - HUARAZ,11-11-2024,ANCASH,HUARAZ
https://aplicativo.pj.gob.pe/psep/wfrmConvocatoriasV.aspx?TCon=C,2,D.Leg 1057 - Determinado (Suplencia)-038,2572.0,31/10/2024,14/11/2024,"¿ EXPERIENCIA GENERAL: UN (01) AÑO DE PRESTACIÓN DE SERVICIOS, EN EL
SECTOR PÚBLICO Y/O PRIVADO.
¿ EXPERIENCIA ESPECÍFICA: UN (01) AÑO EN LABORES SIMILARES O
EQUIVALENTES AL CARGO QUE POSTULA, EN EL SECTOR PÚBLICO Y/O PRIVADO,
CONFORME A LAS FUNCIONES ESTABLECIDAS EN LAS NORMAS, RESOLUCIONES
ADMINISTRATIVAS Y DIRECTIVAS","¿ ESTUDIOS UNIVERSITARIOS EN DERECHO (8VO. CICLO – CULMINADO) DEBIDAMENTE SUSTENTADO, CONFORME A LO ESTABLECIDO EN LAS BASES DEL PROCESO.","¿ DIPLOMADOS, ESPECIALIZACIÓN O CURSOS DE ESPECIALIZACIÓN EN: ¿ NUEVO CÓDIGO PROCESAL PENAL. (OBLIGATORIO) ¿ DERECHO PENAL O PROCESAL PENAL. (DESEABLE) ¿ DERECHO CONSTITUCIONAL. (DESEABLE) ¿ CURSO DE OFIMÁTICA. (DESEABLE) (ACREDITABLE",¿ CONOCIMIENTO EN MATERIA RELACIONADA CON EL ÁMBITO DE SU COMPETENCIA. ¿ CONOCIMIENTOS EN REDACCIÓN Y ARGUMENTACIÓN JURÍDICA.,¿ ADAPTABILIDAD. ¿ ANÁLISIS. ¿ REDACCIÓN. ¿ COMPRENSIÓN LECTORA. ¿ EMPATÍA Y AUTOCONTROL,ASISTENTE JURISDICCIONAL,Poder Judicial,be320d34-7c9c-4336-a87d-7ac2c822f341,ANCASH - NUEVO CHIMBOTE,11-11-2024,ANCASH,NUEVO CHIMBOTE
https://aplicativo.pj.gob.pe/psep/wfrmConvocatoriasV.aspx?TCon=C,1,D.Leg 1057 - Determinado (Suplencia)-038,2572.0,31/10/2024,14/11/2024,"¿ EXPERIENCIA GENERAL: UN (01) AÑO DE PRESTACIÓN DE SERVICIOS, EN EL
SECTOR PÚBLICO Y/O PRIVADO.
¿ EXPERIENCIA ESPECÍFICA: UN (01) AÑO EN LABORES SIMILARES O
EQUIVALENTES AL CARGO QUE POSTULA, EN EL SECTOR PÚBLICO Y/O PRIVADO,
CONFORME A LAS FUNCIONES ESTABLECIDAS EN LAS NORMAS, RESOLUCIONES
ADMINISTRATIVAS Y DIRECTIVAS.","¿ ESTUDIOS UNIVERSITARIOS EN DERECHO (8VO. CICLO – CULMINADO) DEBIDAMENTE SUSTENTADO, CONFORME A LO ESTABLECIDO EN LAS BASES DEL PROCESO.","¿ DIPLOMADOS, ESPECIALIZACIÓN O CURSOS DE ESPECIALIZACIÓN EN: ¿ NUEVO CÓDIGO PROCESAL PENAL. (OBLIGATORIO) ¿ DERECHO PENAL O PROCESAL PENAL. (DESEABLE) ¿ DERECHO CONSTITUCIONAL. (DESEABLE) ¿ CURSO DE OFIMÁTICA. (DESEABLE) (ACREDITABLE)",¿ CONOCIMIENTO EN MATERIA RELACIONADA CON EL ÁMBITO DE SU COMPETENCIA. ¿ CONOCIMIENTOS EN REDACCIÓN Y ARGUMENTACIÓN JURÍDICA.,¿ ADAPTABILIDAD. ¿ ANÁLISIS. ¿ REDACCIÓN. ¿ COMPRENSIÓN LECTORA. ¿ EMPATÍA Y AUTOCONTROL,ASISTENTE JURISDICCIONAL,Poder Judicial,64bae65f-6e1a-45fe-bcc5-1fc551239751,ANCASH - NUEVO CHIMBOTE,11-11-2024,ANCASH,NUEVO CHIMBOTE
https://aplicativo.pj.gob.pe/psep/wfrmConvocatoriasV.aspx?TCon=C,2,D.Leg 1057 - Determinado (Suplencia)-039,1300.0,31/10/2024,14/11/2024,"¿ EXPERIENCIA GENERAL DE DOS (02) AÑOS DE PRESTACIÓN DE SERVICIO EN ENTIDADES PÚBLICAS O EMPRESA DE SEGURIDAD DEL SECTOR PRIVADO O LICENCIADO DE LAS FUERZAS ARMADAS (ACREDITADO DOCUMENTALMENTE)
¿ EXPERIENCIA ESPECIFICA DE DOS (02) AÑOS EN LABORES SIMILARES O EQUIVALENTES AL CARGO QUE POSTULA COMO AGENTE DE SEGURIDAD EN EL SECTOR PÚBLICO O PRIVADO, CONFORME A LAS FUNCIONES ESTABLECIDAS EN NORMAS, REGLAMENTOS Y DIRECTIVAS DEL PUESTO.","SECUNDARIA COMPLETA, DEBIDAMENTE ACREDITABLE.","DIPLOMADOS, ESPECIALIZACIÓN, CURSOS DE ESPECIALIZACIÓN; O EN SU DEFECTO, CAPACITACIÓN, SEMINARIO O TALLER EN: ¿ SEGURIDAD Y SALUD EN EL TRABAJO (OBLIGATORIO) ¿ SEGURIDAD INTEGRAL. (DESEABLE) ¿ LUCHA CONTRA INCENDIOS (DESEABLE) ¿ DEFENSA PERSONAL. (DESEABLE) ¿ PRIMERO AUXILIOS. (DESEABLE) ¿ GESTIÓN DE RIESGO DE DESASTRES Y/O IDENTIFICACIÓN DE PELIGROS (DESEABLE) ¿ EVALUACIÓN DE RIESGOS Y CONTROLES ( IPERC) (DESEABLE) ¿ CURSO DE OFIMÁTICA- MICROSOFT OFFICCE BÁSICA (OBLIGATORIO)","¿ CONOCIMIENTO DE PRIMEROS AUXILIOS, ATENCIÓN AL PÚBLICO.",¿ COMUNICACIÓN ORAL ¿ AUTOCONTROL. ¿ CONFIDENCIALIDAD ¿ DINAMISMO Y PROACTIVIDAD ¿ ANÁLISIS,RESGUARDO CUSTODIA Y VIGILANCIA,Poder Judicial,f71af839-b151-455e-a009-bf1de4681b68,ANCASH - CHIMBOTE,11-11-2024,ANCASH,CHIMBOTE
